moa,compound_id
laxative,BRD-A00092689
DNA inhibitor,BRD-A00100033
sterol demethylase inhibitor,BRD-A00218260
acetylcholine receptor antagonist,BRD-A00546892
cyclooxygenase inhibitor,BRD-A00578795
progestogen hormone,BRD-A00758722
adenosine receptor antagonist,BRD-A00827783
phosphodiesterase inhibitor,BRD-A00827783
adrenergic receptor antagonist,BRD-A00993607
synthetic estrogen,BRD-A01078468
calcium channel blocker,BRD-A01098288
calcium channel blocker,BRD-A01563671
5 alpha reductase inhibitor,BRD-A01593789
sodium channel blocker,BRD-A01636364
glucocorticoid receptor agonist,BRD-A01643550
adrenergic receptor antagonist,BRD-A01787639
cholinesterase inhibitor,BRD-A01976766
calcium channel blocker,BRD-A02006392
glucocorticoid receptor agonist,BRD-A02180903
nucleoside reverse transcriptase inhibitor,BRD-A02309928
opioid receptor agonist,BRD-A02710418
calcium channel blocker,BRD-A02743701
adrenergic receptor antagonist,BRD-A02759312
adrenergic receptor agonist,BRD-A02990301
dopamine receptor antagonist,BRD-A03061970
potassium channel blocker,BRD-A03216249
sodium channel blocker,BRD-A03216249
DNA synthesis inhibitor,BRD-A03757454
adrenergic receptor agonist,BRD-A04322457
adrenergic receptor agonist,BRD-A04327189
CC chemokine receptor antagonist,BRD-A04352665
adrenergic receptor agonist,BRD-A04447196
3beta-hydroxy-delta5-steroid dehydrogenase inhibitor,BRD-A04497688
mucolytic agent,BRD-A04506385
histamine receptor antagonist,BRD-A04553218
adrenergic receptor antagonist,BRD-A04971881
dopamine reuptake inhibitor,BRD-A05186015
mucolytic agent,BRD-A05515753
mucolytic agent,BRD-A05523972
antimalarial agent,BRD-A05926236
bacterial cell wall synthesis inhibitor,BRD-A06016120
histamine receptor antagonist,BRD-A06352418
antiarrhythmic,BRD-A06390036
antiprotozoal agent,BRD-A06426627
bacterial permeability inducer,BRD-A06627858
acetylcholine receptor antagonist,BRD-A06771424
bacterial 30S ribosomal subunit inhibitor,BRD-A06935312
adrenergic receptor antagonist,BRD-A07395371
adrenergic receptor antagonist,BRD-A07440155
bacterial 50S ribosomal subunit inhibitor,BRD-A07600638
adrenergic receptor agonist,BRD-A07780951
antiprotozoal agent,BRD-A07947329
enkephalinase inhibitor,BRD-A08187463
progesterone receptor agonist,BRD-A08302182
bacterial 30S ribosomal subunit inhibitor,BRD-A08545410
metalloproteinase inhibitor,BRD-A08545410
bacterial permeability inducer,BRD-A08641215
radiopaque medium,BRD-A08660406
glutamate receptor antagonist,BRD-A08715367
bacterial cell wall synthesis inhibitor,BRD-A08899266
progesterone receptor agonist,BRD-A09349126
radiopaque medium,BRD-A09370961
acetylcholine receptor antagonist,BRD-A09467419
sodium channel blocker,BRD-A09472452
calcium channel blocker,BRD-A09533288
DNA alkylating agent,BRD-A09722536
HCV inhibitor,BRD-A09735281
bacterial cell wall synthesis inhibitor,BRD-A09761158
adrenergic receptor agonist,BRD-A09925278
HIV protease inhibitor,BRD-A10039652
adrenergic receptor antagonist,BRD-A10070317
adenosine receptor agonist,BRD-A10111329
glucocorticoid receptor agonist,BRD-A10188456
bacterial cell wall synthesis inhibitor,BRD-A10652366
calcium channel blocker,BRD-A10662413
beta lactamase inhibitor,BRD-A10773072
serotonin receptor antagonist,BRD-A10967948
adrenergic receptor antagonist,BRD-A10977446
3-beta-D-glucan synthase inhibitor,BRD-A11207520
fungal 1,BRD-A11207520
bacterial cell wall synthesis inhibitor,BRD-A12077521
penicillin binding protein inhibitor,BRD-A12077521
nitric oxide stimulant,BRD-A12237696
beta lactamase inhibitor,BRD-A12490291
serotonin receptor agonist,BRD-A12896037
angiogenesis inhibitor,BRD-A12994259
tumor necrosis factor production inhibitor,BRD-A12994259
bacterial cell wall synthesis inhibitor,BRD-A13078313
PPAR receptor agonist,BRD-A13084692
insulin sensitizer,BRD-A13084692
adrenergic receptor agonist,BRD-A13116749
T-type calcium channel blocker,BRD-A13175897
adrenergic receptor antagonist,BRD-A13188892
bacterial permeability inducer,BRD-A13668387
cholinergic receptor antagonist,BRD-A14208071
adrenergic inhibitor,BRD-A14262390
serotonin–norepinephrine reuptake inhibitor (SNRI),BRD-A15202882
glucocorticoid receptor agonist,BRD-A15297126
histamine receptor antagonist,BRD-A15687940
sodium/chloride cotransporter inhibitor,BRD-A15739803
bacterial 50S ribosomal subunit inhibitor,BRD-A15750551
free radical scavenger,BRD-A15909516
cyclooxygenase inhibitor,BRD-A16296925
platelet aggregation inhibitor,BRD-A16296925
butyrylcholinesterase inhibitor,BRD-A16311756
cholinergic receptor antagonist,BRD-A16311756
reducing agent,BRD-A16347691
estrogen receptor agonist,BRD-A16439188
bacterial cell wall synthesis inhibitor,BRD-A16665823
adrenergic receptor agonist,BRD-A16700644
thyrotropin releasing hormone receptor agonist,BRD-A16997652
adenosine deaminase inhibitor,BRD-A17154931
ribonucleotide reductase inhibitor,BRD-A17154931
glucocorticoid receptor agonist,BRD-A17407635
cyclooxygenase inhibitor,BRD-A17411484
adrenergic receptor agonist,BRD-A17462676
cyclooxygenase inhibitor,BRD-A17655518
antioxidant,BRD-A17846016
anticancer agent,BRD-A17883755
succinimide antiepileptic,BRD-A18043272
acetylcholine receptor agonist,BRD-A18056626
local anesthetic,BRD-A18605525
beta lactamase inhibitor,BRD-A18611368
methylmalonyl CoA mutase stimulant,BRD-A18627414
vitamin B,BRD-A18627414
calcium channel blocker,BRD-A18992208
adrenergic receptor antagonist,BRD-A19053834
dopamine receptor antagonist,BRD-A19053834
norepinephrine reputake inhibitor,BRD-A19195498
tricyclic antidepressant,BRD-A19195498
cyclooxygenase inhibitor,BRD-A19458515
serotonin receptor antagonist,BRD-A19661776
mitochondrial electron transport inhibitor,BRD-A19795905
NFkB pathway inhibitor,BRD-A19952358
chitinase inhibitor,BRD-A19952358
adrenergic receptor antagonist,BRD-A20239487
GABA receptor modulator,BRD-A20348246
glutamate receptor antagonist,BRD-A20550616
mineralocorticoid receptor antagonist,BRD-A20644369
foxm1 inhibitor,BRD-A20697603
protein synthesis inhibitor,BRD-A20697603
sodium channel blocker,BRD-A20742938
bacterial cell wall synthesis inhibitor,BRD-A20839672
adrenergic receptor antagonist,BRD-A21280314
adrenergic receptor agonist,BRD-A21474126
anthelmintic agent,BRD-A21858158
calcium channel blocker,BRD-A22032524
anticonvulsant,BRD-A22128695
estrogen receptor agonist,BRD-A22143024
acetylcholine receptor antagonist,BRD-A22152765
adrenergic receptor antagonist,BRD-A22256192
bacterial cell wall synthesis inhibitor,BRD-A22303829
gluconeogenesis inhibitor,BRD-A22305049
ATPase inhibitor,BRD-A22380646
bacterial 30S ribosomal subunit inhibitor,BRD-A22740840
antihistamine,BRD-A22769835
cyclooxygenase inhibitor,BRD-A22844106
cytochrome P450 inhibitor,BRD-A23067620
histamine receptor antagonist,BRD-A23072235
cyclooxygenase inhibitor,BRD-A23418262
RNA polymerase inhibitor,BRD-A23603052
bacterial cell wall synthesis inhibitor,BRD-A23712469
glutamate receptor antagonist,BRD-A23970436
bacterial DNA gyrase inhibitor,BRD-A24228527
protein synthesis inhibitor,BRD-A24297246
ribosomal protein inhibitor,BRD-A24297246
bacterial DNA gyrase inhibitor,BRD-A24397426
vitamin K antagonist,BRD-A24514565
adrenergic receptor agonist,BRD-A24587114
glucocorticoid receptor agonist,BRD-A25143711
glucocorticoid receptor antagonist,BRD-A25234499
protein synthesis inhibitor,BRD-A25492003
benzodiazepine receptor agonist,BRD-A25579302
antiprotozoal agent,BRD-A25608658
aromatase inhibitor,BRD-A25619068
antiarrhythmic,BRD-A26334849
carbonic anhydrase inhibitor,BRD-A26384407
adrenergic receptor agonist,BRD-A26387268
serotonin receptor agonist,BRD-A26387268
aromatase inhibitor,BRD-A26503646
HIV protease inhibitor,BRD-A26690767
calcium channel blocker,BRD-A26711594
dipeptidyl peptidase inhibitor,BRD-A27084604
calcium channel blocker,BRD-A27370296
voltage-gated sodium channel blocker,BRD-A27732521
glucocorticoid receptor agonist,BRD-A27887842
adrenergic receptor antagonist,BRD-A28044053
monoamine oxidase inhibitor,BRD-A28545468
adrenergic receptor agonist,BRD-A28856712
chloride channel blocker,BRD-A28940325
progestogen hormone,BRD-A29111201
adrenergic receptor antagonist,BRD-A29260609
antitussive,BRD-A29349577
histamine receptor antagonist,BRD-A29426959
androgen receptor antagonist,BRD-A29485665
dopamine reuptake inhibitor,BRD-A29644307
noradrenaline uptake inhibitor,BRD-A29644307
11-beta hydroxysteroid dehydrogenase inhibitor,BRD-A29700858
progesterone receptor agonist,BRD-A29731977
sodium channel blocker,BRD-A29734509
adrenergic receptor antagonist,BRD-A29944538
hydantoin antiepileptic,BRD-A30205217
glycoside agonist,BRD-A30370660
fungal lanosterol demethylase inhibitor,BRD-A30774155
lanosterol demethylase inhibitor,BRD-A30774155
calcium channel blocker,BRD-A30815329
protein synthesis inhibitor,BRD-A30886737
vasopressin receptor antagonist,BRD-A31095847
selective serotonin reuptake inhibitor (SSRI),BRD-A31159102
antineoplastic agent,BRD-A31204924
muscle relaxant,BRD-A31521121
inhaled anaesthetic,BRD-A31564021
acetylcholine receptor antagonist,BRD-A31800922
antispasmodic,BRD-A31800922
mucolytic agent,BRD-A32597168
acetylcholine receptor agonist,BRD-A32673558
vasoconstrictor,BRD-A32988684
sterol demethylase inhibitor,BRD-A33084557
adrenergic receptor antagonist,BRD-A33168282
histamine receptor antagonist,BRD-A33178345
anthelmintic agent,BRD-A33447119
angiotensin converting enzyme inhibitor,BRD-A33506612
bacterial cell wall synthesis inhibitor,BRD-A33697453
acetylcholine receptor antagonist,BRD-A33711280
cyclooxygenase inhibitor,BRD-A33749298
protein synthesis inhibitor,BRD-A33801468
adrenergic receptor agonist,BRD-A33894669
cyclooxygenase inhibitor,BRD-A34006693
bacterial cell wall synthesis inhibitor,BRD-A34205213
glucocorticoid receptor agonist,BRD-A34299591
serotonin receptor antagonist,BRD-A34358106
vitamin analog,BRD-A34455052
cyclooxygenase inhibitor,BRD-A34603619
bacterial 30S ribosomal subunit inhibitor,BRD-A34788695
topoisomerase inhibitor,BRD-A35588707
dopamine receptor agonist,BRD-A35931254
glucocorticoid receptor agonist,BRD-A36010170
uricosuric blocker,BRD-A36217750
adrenergic receptor agonist,BRD-A36267905
fungal ergosterol inhibitor,BRD-A37348498
membrane integrity inhibitor,BRD-A37390343
adrenergic receptor agonist,BRD-A37441042
radiopaque medium,BRD-A37492983
DeltaF508-CFTR Correctors,BRD-A38076815
cystic fibrosis transmembrane conductance regulator inhibitor,BRD-A38076815
sterol demethylase inhibitor,BRD-A38350138
antioxidant,BRD-A38592941
glutamate receptor modulator,BRD-A38675539
androgen receptor modulator,BRD-A38706605
serotonin receptor agonist,BRD-A39052811
cyclooxygenase inhibitor,BRD-A39172021
adrenergic receptor agonist,BRD-A39189014
progesterone receptor agonist,BRD-A39791822
antioxidant,BRD-A39830855
bacterial cell wall synthesis inhibitor,BRD-A40472231
other antibiotic,BRD-A40546373
cyclooxygenase inhibitor,BRD-A40639672
bacterial DNA gyrase inhibitor,BRD-A40787240
thiazide diuretic,BRD-A41250306
adrenergic receptor antagonist,BRD-A41304429
bacterial DNA gyrase inhibitor,BRD-A41450521
cholesterol inhibitor,BRD-A41519720
niemann-pick c1-like 1 protein antagonist,BRD-A41519720
bacterial cell wall synthesis inhibitor,BRD-A41698174
DNA synthesis inhibitor,BRD-A42083487
adrenergic receptor antagonist,BRD-A42167015
protein synthesis inhibitor,BRD-A42379279
RNA polymerase inhibitor,BRD-A42383464
dihydroorotate dehydrogenase inhibitor,BRD-A42699921
antiprotozoal agent,BRD-A42759514
serotonin receptor antagonist,BRD-A42881122
adrenergic receptor antagonist,BRD-A43227343
adrenergic receptor antagonist,BRD-A43671941
antitussive,BRD-A43809092
ATP channel activator,BRD-A43882281
potassium channel activator,BRD-A43882281
monoamine oxidase inhibitor,BRD-A43974575
acetylcholine receptor antagonist,BRD-A43999749
histamine receptor antagonist,BRD-A44008656
cyclooxygenase inhibitor,BRD-A44090213
prostanoid receptor antagonist,BRD-A44090213
angiogenesis inhibitor,BRD-A44511856
apoptosis stimulant,BRD-A44511856
CCK receptor antagonist,BRD-A44863528
bacterial permeability inducer,BRD-A44942307
glucocorticoid receptor agonist,BRD-A45044890
prostanoid receptor agonist,BRD-A45153512
glucocorticoid receptor agonist,BRD-A45538101
radiopaque medium,BRD-A45543382
platelet aggregation inhibitor,BRD-A45664787
prostanoid receptor agonist,BRD-A45664787
NFkB pathway inhibitor,BRD-A45889380
TP53 activator,BRD-A45889380
cytokine production inhibitor,BRD-A45889380
cyclooxygenase inhibitor,BRD-A46136514
histamine receptor antagonist,BRD-A46335897
immunostimulant,BRD-A46393198
bacterial cell wall synthesis inhibitor,BRD-A46717658
acetylcholine receptor antagonist,BRD-A47449001
adrenergic receptor agonist,BRD-A47494775
selective serotonin reuptake inhibitor (SSRI),BRD-A47598013
bacterial DNA gyrase inhibitor,BRD-A47790386
acetylcholine receptor antagonist,BRD-A48180038
thrombin inhibitor,BRD-A48261811
GLP receptor agonist,BRD-A48274390
adrenergic receptor antagonist,BRD-A48420483
PPAR receptor agonist,BRD-A48430263
insulin sensitizer,BRD-A48430263
acetylcholine receptor antagonist,BRD-A48465967
protein synthesis inhibitor,BRD-A49035384
acetylcholinesterase inhibitor,BRD-A49160188
ATPase inhibitor,BRD-A49172652
PPAR receptor agonist,BRD-A49358627
bacterial cell wall synthesis inhibitor,BRD-A49374018
vasopressin receptor agonist,BRD-A49399758
glucocorticoid receptor agonist,BRD-A49447682
lactamase inhibitor,BRD-A49622760
glucocorticoid receptor agonist,BRD-A49765801
vitamin K antagonist,BRD-A49838158
adrenergic receptor agonist,BRD-A50157456
constitutive androstane receptor (CAR) agonist,BRD-A50311610
adrenergic receptor antagonist,BRD-A50675490
GABA gated chloride channel blocker,BRD-A50675702
chloride channel blocker,BRD-A50675702
DNA synthesis inhibitor,BRD-A50922295
angiotensin converting enzyme inhibitor,BRD-A51382177
potassium-competitive acid antagonist,BRD-A51497544
adrenergic receptor antagonist,BRD-A51747092
lanosterol demethylase inhibitor,BRD-A51820102
sterol demethylase inhibitor,BRD-A51820102
membrane permeability inhibitor,BRD-A51831848
antimalarial agent,BRD-A51964809
L-type calcium channel blocker,BRD-A52922642
bacterial permeability inducer,BRD-A52977603
anti-inflammatory agent,BRD-A53151380
angiogenesis inhibitor,BRD-A53566267
acetylcholine receptor antagonist,BRD-A53576514
adrenergic receptor antagonist,BRD-A53597562
cholinergic receptor antagonist,BRD-A53951045
local anesthetic,BRD-A53952395
acetylcholine receptor antagonist,BRD-A54234250
adrenergic receptor agonist,BRD-A54236247
sterol demethylase inhibitor,BRD-A54275602
monoamine oxidase inhibitor,BRD-A54490543
antitussive,BRD-A54635441
dopamine receptor antagonist,BRD-A55272860
endocrine disruptor,BRD-A55464252
guanylate cyclase activator,BRD-A55468767
muscle relaxant,BRD-A55469827
DNA inhibitor,BRD-A55913614
antimalarial agent,BRD-A55913614
ATPase inhibitor,BRD-A55962179
chelating agent,BRD-A56152450
adrenergic receptor antagonist,BRD-A56241705
leukotriene synthesis inhibitor,BRD-A56359832
lipoxygenase inhibitor,BRD-A56359832
acetylcholine receptor antagonist,BRD-A56613951
diuretic,BRD-A56675431
bacterial cell wall synthesis inhibitor,BRD-A56858165
proton pump inhibitor,BRD-A56892734
histamine receptor antagonist,BRD-A57133233
cyclooxygenase inhibitor,BRD-A57382968
T-type calcium channel blocker,BRD-A57592049
calcium channel blocker,BRD-A58048407
cholinergic receptor antagonist,BRD-A58193911
nematocide,BRD-A58564983
glucocorticoid receptor agonist,BRD-A59014912
adrenergic receptor agonist,BRD-A59174698
norepinephrine reuptake inhibitor,BRD-A59198242
thiazide diuretic,BRD-A59303141
cholesterol inhibitor,BRD-A59329714
potassium channel antagonist,BRD-A59378440
norepinephrine reuptake inhibitor,BRD-A59747053
serotonin reuptake inhibitor,BRD-A59747053
protein synthesis inhibitor,BRD-A59825838
dopamine receptor antagonist,BRD-A60197193
radiopaque medium,BRD-A60217728
anti-inflammatory agent,BRD-A60294240
capillary stabilizing agent,BRD-A60294240
prostanoid receptor antagonist,BRD-A60765580
tyrosine phosphatase inhibitor,BRD-A60786380
ATP channel blocker,BRD-A61154809
insulin secretagogue,BRD-A61154809
DOPA decarboxylase inhibitor,BRD-A61194565
progesterone receptor agonist,BRD-A61221616
enzyme inducer,BRD-A61676498
carbonic anhydrase inhibitor,BRD-A61793559
antioxidant,BRD-A61850409
bacterial 30S ribosomal subunit inhibitor,BRD-A62336573
acetylcholine receptor antagonist,BRD-A62421304
antihistamine,BRD-A62428732
glucocorticoid receptor agonist,BRD-A62731508
thioredoxin inhibitor,BRD-A62893078
glucosidase inhibitor,BRD-A63310107
beta lactamase inhibitor,BRD-A63431791
estrogen receptor agonist,BRD-A63433173
DNA directed DNA polymerase inhibitor,BRD-A63675168
sodium channel blocker,BRD-A64092382
somatostatin receptor agonist,BRD-A64173453
cyclooxygenase inhibitor,BRD-A64610707
acetylcholine receptor antagonist,BRD-A64698388
adrenergic receptor antagonist,BRD-A64977602
serotonin receptor antagonist,BRD-A64977602
acetylcholine receptor antagonist,BRD-A65013509
vitamin K antagonist,BRD-A65051990
acetylcholine receptor antagonist,BRD-A65243462
dopamine receptor antagonist,BRD-A65280694
cytochrome P450 inhibitor,BRD-A65449987
angiotensin receptor antagonist,BRD-A65671304
noradrenaline uptake inhibitor,BRD-A65683612
glucocorticoid receptor agonist,BRD-A65767837
radiopaque medium,BRD-A65818372
bacterial cell wall synthesis inhibitor,BRD-A66025870
choleretic agent,BRD-A66284731
proteasome inhibitor,BRD-A66419424
adrenergic receptor agonist,BRD-A66563878
benzodiazepine receptor agonist,BRD-A66920069
anthelmintic agent,BRD-A67060370
DNA alkylating agent,BRD-A67097164
radiopaque medium,BRD-A67181951
monoamine oxidase inhibitor,BRD-A67182178
bacterial 50S ribosomal subunit inhibitor,BRD-A67305656
bacterial DNA inhibitor,BRD-A67514145
histamine receptor antagonist,BRD-A67516570
adrenergic receptor antagonist,BRD-A67799922
adrenergic receptor antagonist,BRD-A67862938
dopamine reuptake inhibitor,BRD-A68304895
HCV inhibitor,BRD-A68493689
glucosamine synthetase stimulant,BRD-A68589262
histamine receptor antagonist,BRD-A68723818
histamine receptor antagonist,BRD-A68888262
bacterial 30S ribosomal subunit inhibitor,BRD-A68997559
aromatic L-amino acid decarboxylase inhibitor,BRD-A69512159
bacterial 30S ribosomal subunit inhibitor,BRD-A69651145
ribosomal protein inhibitor,BRD-A69651145
topoisomerase inhibitor,BRD-A69777949
acetylcholine receptor antagonist,BRD-A69917777
acetylcholinesterase inhibitor,BRD-A70083328
microtubule inhibitor,BRD-A70083328
cyclooxygenase inhibitor,BRD-A70182876
local anesthetic,BRD-A70514680
sterol demethylase inhibitor,BRD-A70649075
T-type calcium channel blocker,BRD-A70998768
vitamin B,BRD-A71157293
other antifungal,BRD-A71407503
cyclooxygenase inhibitor,BRD-A71725768
chitin inhibitor,BRD-A71774530
HMGCR inhibitor,BRD-A71816415
radiopaque medium,BRD-A72075775
mucolytic agent,BRD-A72212290
dopamine receptor agonist,BRD-A72309220
serotonin receptor antagonist,BRD-A72309220
prostanoid receptor agonist,BRD-A72351335
radiopaque medium,BRD-A72401848
GABA uptake inhibitor,BRD-A72441487
GABA receptor antagonist,BRD-A72603112
bacterial permeability inducer,BRD-A72711497
opioid receptor antagonist,BRD-A72767275
cyclooxygenase inhibitor,BRD-A72988804
histamine receptor antagonist,BRD-A73368467
glucocorticoid receptor agonist,BRD-A73385064
neurotransmitter,BRD-A73930134
potassium channel blocker,BRD-A74391928
cyclooxygenase inhibitor,BRD-A74667430
dihydrofolate reductase inhibitor,BRD-A74914197
bacterial DNA gyrase inhibitor,BRD-A74980173
cyclooxygenase inhibitor,BRD-A75224450
RNA synthesis inhibitor,BRD-A75479906
antiviral,BRD-A75479906
cyclooxygenase inhibitor,BRD-A75552914
adrenergic receptor agonist,BRD-A75726477
bacterial DNA gyrase inhibitor,BRD-A75850590
folate receptor ligand,BRD-A75919782
acetylcholine receptor antagonist,BRD-A75935363
coenzyme A precursor,BRD-A76244192
topical sunscreen agent,BRD-A76533773
bacterial cell wall synthesis inhibitor,BRD-A76661185
bacterial 50S ribosomal subunit inhibitor,BRD-A76672327
acetylcholine receptor antagonist,BRD-A77291778
analgesic agent,BRD-A77473570
bacterial 50S ribosomal subunit inhibitor,BRD-A77786295
fungal ergosterol inhibitor,BRD-A78080706
adrenergic receptor antagonist,BRD-A78134170
adrenergic receptor agonist,BRD-A78322124
adenosine receptor agonist,BRD-A78341343
bacterial cell wall synthesis inhibitor,BRD-A78723049
penicillin binding protein inhibitor,BRD-A78723049
cyclooxygenase inhibitor,BRD-A78877355
phosphodiesterase inhibitor,BRD-A79643124
acetylcholine receptor antagonist,BRD-A79672927
mTOR inhibitor,BRD-A79768653
glutamate receptor antagonist,BRD-A79803969
adrenergic receptor agonist,BRD-A79981887
sodium/potassium/chloride transporter inhibitor,BRD-A80017228
bacterial cell wall synthesis inhibitor,BRD-A80321291
topoisomerase inhibitor,BRD-A80805100
trace amine associated receptor agonist,BRD-A80871782
antitussive,BRD-A80908310
prostaglandin inhibitor,BRD-A81129465
acetylcholine receptor antagonist,BRD-A81233518
vasopressin receptor antagonist,BRD-A82035391
bacterial cell wall synthesis inhibitor,BRD-A82396632
antioxidant,BRD-A82892199
purinergic receptor antagonist,BRD-A83029242
thrombin inhibitor,BRD-A83644949
glucocorticoid receptor agonist,BRD-A83802939
hydantoin antiepileptic,BRD-A83937277
DNA inhibitor,BRD-A84020532
cyclooxygenase inhibitor,BRD-A84174393
calcium channel blocker,BRD-A84465106
dopamine receptor antagonist,BRD-A84481105
calcium sensitizer,BRD-A84575140
phosphodiesterase inhibitor,BRD-A84575140
calcium channel blocker,BRD-A84687895
muscle relaxant,BRD-A84907376
antioxidant,BRD-A85242401
oxytocin receptor antagonist,BRD-A85261566
chelating agent,BRD-A85295731
reducing agent,BRD-A85295731
cyclooxygenase inhibitor,BRD-A85548292
sodium/chloride cotransporter inhibitor,BRD-A85651701
estrogen receptor antagonist,BRD-A85667082
cyclooxygenase inhibitor,BRD-A86044036
acetylcholine receptor agonist,BRD-A86216746
adrenergic receptor agonist,BRD-A86414188
adrenergic receptor agonist,BRD-A86665761
lipoxygenase inhibitor,BRD-A87130939
adrenergic receptor antagonist,BRD-A87606379
adrenergic receptor antagonist,BRD-A87715314
glucocorticoid receptor agonist,BRD-A88138582
adrenergic receptor agonist,BRD-A88254928
dipeptidyl peptidase inhibitor,BRD-A88369366
gonadotropin releasing factor hormone receptor antagonist,BRD-A88562598
analgesic agent,BRD-A88684804
adrenergic receptor antagonist,BRD-A89175223
dopamine receptor agonist,BRD-A89207210
serotonin receptor antagonist,BRD-A89207210
PKC inhibitor,BRD-A89825407
expectorant,BRD-A90515964
platelet aggregation inhibitor,BRD-A90547603
cyclooxygenase inhibitor,BRD-A90551241
lipase clearing factor inhibitor,BRD-A90625545
calcium channel blocker,BRD-A90695733
nitric oxide synthase stimulant,BRD-A90796352
calcium channel blocker,BRD-A90799790
bacterial cell wall synthesis inhibitor,BRD-A90807417
adrenergic receptor agonist,BRD-A90926615
calcium channel blocker,BRD-A91008255
benzodiazepine receptor agonist,BRD-A91366704
DNA alkylating agent,BRD-A91386192
histamine receptor antagonist,BRD-A91444184
estrogen receptor agonist,BRD-A91452556
antimalarial agent,BRD-A91699651
glucocorticoid receptor agonist,BRD-A92177080
muscle relaxant,BRD-A92262698
bacterial DNA gyrase inhibitor,BRD-A92341659
glucocorticoid receptor agonist,BRD-A92439610
immunosuppressant,BRD-A92439610
opioid receptor agonist,BRD-A92630576
sodium channel blocker,BRD-A92670106
tumor necrosis factor production inhibitor,BRD-A93255169
cyclooxygenase inhibitor,BRD-A93683007
glucocorticoid receptor agonist,BRD-A93963402
phospholipase activator,BRD-A93963402
bacterial 30S ribosomal subunit inhibitor,BRD-A94008949
bacterial 50S ribosomal subunit inhibitor,BRD-A94008949
adrenergic receptor antagonist,BRD-A94276798
glucocorticoid receptor agonist,BRD-A94523291
sterol demethylase inhibitor,BRD-A94543220
adenosine receptor agonist,BRD-A94624445
camp stimulant,BRD-A94624445
muscle relaxant,BRD-A94709349
dna alkylating drug,BRD-A94713674
dipeptidyl peptidase inhibitor,BRD-A94993966
chloride reabsorption inhibitor,BRD-A95340155
adrenergic receptor antagonist,BRD-A95602221
thiazide diuretic,BRD-A95869247
ornithine decarboxylase inhibitor,BRD-A96292436
cosmetic,BRD-A96407378
adrenergic receptor agonist,BRD-A97104540
PPAR receptor agonist,BRD-A97437073
insulin sensitizer,BRD-A97437073
acetylcholine receptor antagonist,BRD-A97479839
sodium channel blocker,BRD-A97674275
adrenergic receptor antagonist,BRD-A97701745
sodium channel blocker,BRD-A97730597
cyclooxygenase inhibitor,BRD-A97739905
cyclooxygenase inhibitor,BRD-A98378129
histamine release inhibitor,BRD-A98427211
immunoglobulin inhibitor,BRD-A98427211
bacterial 30S ribosomal subunit inhibitor,BRD-A98954669
histamine receptor antagonist,BRD-A98990573
antimalarial agent,BRD-A99117172
methionine aminopeptidase inhibitor,BRD-A99367815
adrenergic receptor antagonist,BRD-A99388803
succinimide antiepileptic,BRD-A99633051
dopamine receptor antagonist,BRD-A99888680
serotonin receptor antagonist,BRD-A99888680
acetylcholine receptor antagonist,BRD-A99899486
bacterial cell wall synthesis inhibitor,BRD-A99949740
carbonic anhydrase inhibitor,BRD-K00002562
3-beta-D-glucan synthase inhibitor,BRD-K00002625
bacterial cell wall synthesis inhibitor,BRD-K00002625
fungal 1,BRD-K00002625
cytochrome P450 inhibitor,BRD-K00003103
thyroid hormone receptor agonist,BRD-K00003123
antiviral,BRD-K00003133
sphingosine 1-phosphate receptor antagonist,BRD-K00003139
progesterone receptor agonist,BRD-K00003150
microtubule inhibitor,BRD-K00003156
gonadotropin releasing factor hormone receptor agonist,BRD-K00003161
serotonin receptor agonist,BRD-K00003178
dipeptidyl peptidase inhibitor,BRD-K00003182
cholinergic receptor antagonist,BRD-K00003198
sodium/hydrogen exchanger inhibitor,BRD-K00003201
cytochrome P450 inhibitor,BRD-K00003210
non-nucleoside reverse transcriptase inhibitor,BRD-K00003231
vesicular monoamine transporter inhibitor,BRD-K00003233
antibacterial,BRD-K00003240
bacterial 30S ribosomal subunit inhibitor,BRD-K00003240
ATPase inhibitor,BRD-K00003243
solute carrier family member inhibitor,BRD-K00003246
HIV integrase inhibitor,BRD-K00003247
GABA receptor modulator,BRD-K00003249
voltage-gated sodium channel blocker,BRD-K00003249
angiotensin receptor antagonist,BRD-K00003253
antibacterial,BRD-K00003257
serine protease inhibitor,BRD-K00003260
PI3K inhibitor,BRD-K00003261
phosphodiesterase inhibitor,BRD-K00003266
PPAR receptor agonist,BRD-K00003284
JAK inhibitor,BRD-K00003286
neurokinin receptor antagonist,BRD-K00003287
beta lactamase inhibitor,BRD-K00003306
neuromuscular blockade reversal agent,BRD-K00003322
other antibiotic,BRD-K00003324
PKC activator,BRD-K00003329
anti-inflammatory agent,BRD-K00003338
bacterial 30S ribosomal subunit inhibitor,BRD-K00003346
ribosomal protein inhibitor,BRD-K00003346
bacterial 30S ribosomal subunit inhibitor,BRD-K00003347
bacterial 30S ribosomal subunit inhibitor,BRD-K00003349
bacterial DNA inhibitor,BRD-K00003349
protein synthesis inhibitor,BRD-K00003351
bacterial 30S ribosomal subunit inhibitor,BRD-K00003352
protein synthesis inhibitor,BRD-K00003353
antioxidant,BRD-K00003362
hypoxia inducible factor prolyl hydroxylase inhibitor,BRD-K00003407
Bruton's tyrosine kinase (BTK) inhibitor,BRD-K00003413
KIT inhibitor,BRD-K00003419
proton pump inhibitor,BRD-K00003427
receptor tyrosine protein kinase inhibitor,BRD-K00003447
GABA receptor agonist,BRD-K00003448
endonuclease inhibitor,BRD-K00003495
tyrosine kinase inhibitor,BRD-K00003501
coagulation factor inhibitor,BRD-K00003513
vitamin B,BRD-K00003525
bacterial 50S ribosomal subunit inhibitor,BRD-K00003542
tyrosine phosphatase inhibitor,BRD-K00003543
HCV inhibitor,BRD-K00003545
dipeptidyl peptidase inhibitor,BRD-K00003546
nematocide,BRD-K00003549
dopamine receptor antagonist,BRD-K00003551
serotonin receptor antagonist,BRD-K00003551
benzodiazepine receptor agonist,BRD-K00003555
DNA inhibitor,BRD-K00003556
antimalarial agent,BRD-K00003556
GLP receptor agonist,BRD-K00003559
3-beta-D-glucan synthase inhibitor,BRD-K00003560
fungal 1,BRD-K00003560
DNA polymerase inhibitor,BRD-K00003562
dipeptidyl peptidase inhibitor,BRD-K00003565
thrombopoietin receptor agonist,BRD-K00003572
RAF inhibitor,BRD-K00003576
serine/threonine kinase inhibitor,BRD-K00003576
gonadotropin releasing factor hormone receptor antagonist,BRD-K00003578
radiopaque medium,BRD-K00003579
vasopressin receptor agonist,BRD-K00003582
acetylcholine precursor,BRD-K00003587
DNA synthesis inhibitor,BRD-K00003588
dna damage inducer,BRD-K00003588
thrombin inhibitor,BRD-K00003590
RNA polymerase inhibitor,BRD-K00003591
guanylate cyclase activator,BRD-K00003592
opioid receptor antagonist,BRD-K00003599
acetylcholine receptor antagonist,BRD-K00003600
PKC inhibitor,BRD-K00003601
protein synthesis inhibitor,BRD-K00003604
nitric oxide donor,BRD-K00003606
dopamine receptor antagonist,BRD-K00003607
adenosine receptor agonist,BRD-K00003609
bacterial cell wall synthesis inhibitor,BRD-K00003611
histamine receptor antagonist,BRD-K00003615
prostanoid receptor agonist,BRD-K00003616
adrenergic receptor antagonist,BRD-K00003617
bacterial cell wall synthesis inhibitor,BRD-K00003625
sterol demethylase inhibitor,BRD-K00003630
opioid receptor agonist,BRD-K00003635
sodium channel blocker,BRD-K00003636
acetylcholine receptor agonist,BRD-K00003637
acetylcholine receptor antagonist,BRD-K00003641
glucocorticoid receptor agonist,BRD-K00003654
progesterone receptor agonist,BRD-K00003655
cyclooxygenase inhibitor,BRD-K00003656
chloride channel antagonist,BRD-K00003660
bacterial cell wall synthesis inhibitor,BRD-K00003661
adrenergic receptor agonist,BRD-K00003668
gluconeogenesis inhibitor,BRD-K00003672
glucocorticoid receptor agonist,BRD-K00003673
antioxidant,BRD-K00003683
adrenergic receptor agonist,BRD-K00003690
acetylcholine receptor antagonist,BRD-K00003691
monoamine oxidase inhibitor,BRD-K00003699
adrenergic receptor agonist,BRD-K00003701
bacterial cell wall synthesis inhibitor,BRD-K00003704
bacterial 50S ribosomal subunit inhibitor,BRD-K00003705
thyrotropin releasing hormone receptor agonist,BRD-K00003716
GLP receptor agonist,BRD-K00003717
adrenergic receptor agonist,BRD-K00003719
adrenergic receptor antagonist,BRD-K00004210
glutamate receptor antagonist,BRD-K00004210
FXR antagonist,BRD-K00004242
estrogen receptor agonist,BRD-K00004242
progesterone receptor agonist,BRD-K00004242
ATPase inhibitor,BRD-K00004280
calcium channel blocker,BRD-K00004281
serotonin–norepinephrine reuptake inhibitor (SNRI),BRD-K00004287
acetylcholine receptor agonist,BRD-K00004291
calcium channel blocker,BRD-K00004292
CC chemokine receptor antagonist,BRD-K00004293
ATPase inhibitor,BRD-K00004302
cytochrome P450 inhibitor,BRD-K00004318
uricosuric blocker,BRD-K00004525
bacterial 50S ribosomal subunit inhibitor,BRD-K00004536
dopamine receptor antagonist,BRD-K00004560
choleretic agent,BRD-K00004566
serotonin receptor agonist,BRD-K00004574
immune response modulator,BRD-K00004602
growth hormone releasing peptide ligand agonist,BRD-K00004629
selective estrogen receptor modulator (SERM),BRD-K00004639
adrenergic receptor agonist,BRD-K00004656
adrenergic receptor agonist,BRD-K00004663
purinergic receptor antagonist,BRD-K00004669
progesterone receptor agonist,BRD-K00004691
antibacterial,BRD-K00004694
dopamine reuptake inhibitor,BRD-K00004707
anti-inflammatory agent,BRD-K00004714
analgesic agent,BRD-K00004724
benzodiazepine receptor agonist,BRD-K00004970
protein synthesis inhibitor,BRD-K00005140
calcium channel blocker,BRD-K00005329
calcitonin agonist,BRD-K00005332
angiogenesis inhibitor,BRD-K00005346
sodium channel blocker,BRD-K00005347
bacterial cell wall synthesis inhibitor,BRD-K00005353
penicillin binding protein inhibitor,BRD-K00005353
nitric oxide synthase stimulant,BRD-K00010936
glucocorticoid receptor agonist,BRD-K00025439
glucocorticoid receptor agonist,BRD-K00025572
glucocorticoid receptor agonist,BRD-K00025599
HCV inhibitor,BRD-K00026984
glucocorticoid receptor agonist,BRD-K00029602
DNA alkylating agent,BRD-K00029603
DNA synthesis inhibitor,BRD-K00077635
microtubule inhibitor,BRD-K00077635
DNA polymerase inhibitor,BRD-K00094013
topoisomerase inhibitor,BRD-K00094013
microtubule inhibitor,BRD-K00259736
bacterial DNA gyrase inhibitor,BRD-K00494077
HMGCR inhibitor,BRD-K00495673
neuraminidase inhibitor,BRD-K00519864
vasodilator,BRD-K00531707
angiotensin converting enzyme inhibitor,BRD-K00573984
purinergic receptor antagonist,BRD-K00603606
phosphodiesterase inhibitor,BRD-K00633793
histamine receptor antagonist,BRD-K00673382
immunosuppressant,BRD-K00739965
glucocorticoid receptor agonist,BRD-K00824317
dopamine receptor partial agonist,BRD-K00911143
bacterial antifolate,BRD-K00938507
mucus protecting agent,BRD-K01039503
5 alpha reductase inhibitor,BRD-K01095011
hydroxyphenylpyruvate dioxygenase inhibitor,BRD-K01109406
bacterial cell wall synthesis inhibitor,BRD-K01244426
oxidizing agent,BRD-K01292611
dopamine receptor antagonist,BRD-K01292756
RNA polymerase inhibitor,BRD-K01507359
adenosine receptor agonist,BRD-K01577834
PARG inhibitor,BRD-K01584643
bacterial cell wall synthesis inhibitor,BRD-K01612348
matrix metalloprotease inhibitor,BRD-K01624185
adrenergic receptor agonist,BRD-K01638814
imidazoline receptor agonist,BRD-K01638814
acetylcholine receptor agonist,BRD-K01663662
glutamate receptor agonist,BRD-K01666412
bacterial permeability inducer,BRD-K01666924
bacterial permeability inducer,BRD-K01666935
histamine receptor agonist,BRD-K01674964
antiviral,BRD-K01773083
progesterone receptor agonist,BRD-K01824969
free radical scavenger,BRD-K01824972
bacterial cell wall synthesis inhibitor,BRD-K01824973
penicillin binding protein inhibitor,BRD-K01824973
bacterial DNA inhibitor,BRD-K01824979
acetylcholine receptor antagonist,BRD-K01824983
sodium channel blocker,BRD-K01824987
membrane integrity inhibitor,BRD-K01824991
bacterial cell wall synthesis inhibitor,BRD-K01824994
acetylcholine receptor agonist,BRD-K01825000
angiotensin converting enzyme inhibitor,BRD-K01825005
purinergic receptor activator,BRD-K01825013
adrenergic receptor antagonist,BRD-K01825098
sodium channel blocker,BRD-K01825102
pulmonary surfactant,BRD-K01825113
calcium channel blocker,BRD-K01825117
adrenergic receptor agonist,BRD-K01825118
adrenergic receptor antagonist,BRD-K01825125
adrenergic receptor agonist,BRD-K01825126
NFkB pathway modulator,BRD-K01825132
bacterial 30S ribosomal subunit inhibitor,BRD-K01825150
bacterial DNA inhibitor,BRD-K01825150
bacterial DNA gyrase inhibitor,BRD-K01825158
histamine receptor antagonist,BRD-K01825159
norepinephrine reputake inhibitor,BRD-K01825162
tricyclic antidepressant,BRD-K01825162
adrenergic receptor agonist,BRD-K01825579
acetylcholine receptor antagonist,BRD-K01825580
folate receptor ligand,BRD-K01825581
adrenergic receptor agonist,BRD-K01825585
RNA synthesis inhibitor,BRD-K01825586
antiviral,BRD-K01825586
calcium channel blocker,BRD-K01825587
fungal lanosterol demethylase inhibitor,BRD-K01825590
adrenergic receptor antagonist,BRD-K01825592
potassium channel blocker,BRD-K01825594
local anesthetic,BRD-K01825595
selective serotonin reuptake inhibitor (SSRI),BRD-K01825597
serotonin–norepinephrine reuptake inhibitor (SNRI),BRD-K01825598
serotonin–norepinephrine reuptake inhibitor (SNRI),BRD-K01825599
adrenergic receptor antagonist,BRD-K01825622
sterol demethylase inhibitor,BRD-K01825659
nicotinic receptor agonist,BRD-K01825660
glutamate receptor antagonist,BRD-K01825662
DNA synthesis inhibitor,BRD-K01825663
acetylcholine receptor antagonist,BRD-K01825666
bacterial 30S ribosomal subunit inhibitor,BRD-K01825679
metalloproteinase inhibitor,BRD-K01825679
NFkB pathway inhibitor,BRD-K01825680
chitinase inhibitor,BRD-K01825680
adrenergic receptor antagonist,BRD-K01825685
sterol demethylase inhibitor,BRD-K01825690
cyclooxygenase inhibitor,BRD-K01825691
prostanoid receptor antagonist,BRD-K01825691
bacterial DNA gyrase inhibitor,BRD-K01825698
GABA aminotransferase inhibitor,BRD-K01825700
bacterial DNA gyrase inhibitor,BRD-K01825701
acetylcholine receptor antagonist,BRD-K01825702
bacterial 30S ribosomal subunit inhibitor,BRD-K01825703
acetylcholine receptor antagonist,BRD-K01825729
cyclooxygenase inhibitor,BRD-K01825750
adrenergic receptor antagonist,BRD-K01825804
adrenergic receptor antagonist,BRD-K01825817
adrenergic receptor agonist,BRD-K01825837
cholinergic receptor antagonist,BRD-K01825841
adrenergic receptor antagonist,BRD-K01825842
adrenergic receptor agonist,BRD-K01825844
antitussive,BRD-K01826024
cholinergic receptor antagonist,BRD-K01826026
histamine receptor antagonist,BRD-K01826026
calcium sensitizer,BRD-K01826269
phosphodiesterase inhibitor,BRD-K01826269
selective serotonin reuptake enhancer (SSRE),BRD-K01826304
bacterial 30S ribosomal subunit inhibitor,BRD-K01826328
GABA receptor modulator,BRD-K01826330
bacterial 30S ribosomal subunit inhibitor,BRD-K01826474
dopamine precursor,BRD-K01826478
dopamine receptor agonist,BRD-K01826478
bacterial DNA gyrase inhibitor,BRD-K01826479
5-ht3 receptor antagonist,BRD-K01826507
serotonin receptor antagonist,BRD-K01826507
antihistamine,BRD-K01826510
bacterial cell wall synthesis inhibitor,BRD-K01826511
cyclooxygenase inhibitor,BRD-K01826512
DeltaF508-CFTR Correctors,BRD-K01826515
cystic fibrosis transmembrane conductance regulator inhibitor,BRD-K01826515
adrenergic receptor antagonist,BRD-K01826519
histamine receptor antagonist,BRD-K01826520
acetylcholine receptor antagonist,BRD-K01826529
acetylcholine receptor antagonist,BRD-K01826531
adrenergic receptor antagonist,BRD-K01826535
bacterial 30S ribosomal subunit inhibitor,BRD-K01826536
antiarrhythmic,BRD-K01826541
5-ht3 receptor antagonist,BRD-K01826546
serotonin receptor antagonist,BRD-K01826546
adrenergic inhibitor,BRD-K01826548
norepinephrine reuptake inhibitor,BRD-K01826548
serotonin–norepinephrine reuptake inhibitor (SNRI),BRD-K01826548
CCK receptor antagonist,BRD-K01826553
bacterial 30S ribosomal subunit inhibitor,BRD-K01826559
constitutive androstane receptor (CAR) agonist,BRD-K01826560
adrenergic receptor antagonist,BRD-K01826561
antihistamine,BRD-K01826562
histamine receptor antagonist,BRD-K01826567
adrenergic receptor antagonist,BRD-K01826568
adrenergic receptor antagonist,BRD-K01826569
monoamine oxidase inhibitor,BRD-K01826702
benzodiazepine receptor agonist,BRD-K01826724
dopamine reuptake inhibitor,BRD-K01826729
adrenergic receptor agonist,BRD-K01826731
PPAR receptor agonist,BRD-K01826734
insulin sensitizer,BRD-K01826734
cyclooxygenase inhibitor,BRD-K01826742
histamine receptor antagonist,BRD-K01826745
cyclooxygenase inhibitor,BRD-K01826746
acetylcholine receptor antagonist,BRD-K01826750
antispasmodic,BRD-K01826750
serotonin receptor antagonist,BRD-K01826751
adrenergic receptor agonist,BRD-K01826763
ATPase inhibitor,BRD-K01826765
gastrin inhibitor,BRD-K01826765
sodium channel blocker,BRD-K01826767
acetylcholine receptor antagonist,BRD-K01826774
acetylcholine receptor antagonist,BRD-K01826778
dopamine receptor agonist,BRD-K01826790
dopamine receptor agonist,BRD-K01826798
PPAR receptor agonist,BRD-K01826904
insulin sensitizer,BRD-K01826904
acetylcholine precursor,BRD-K01827239
acetylcholine receptor antagonist,BRD-K01827265
glutathione transferase stimulant,BRD-K01827268
membrane permeability enhancer,BRD-K01827268
adrenergic receptor antagonist,BRD-K01827270
cyclooxygenase inhibitor,BRD-K01827279
histamine receptor agonist,BRD-K01827280
histamine receptor antagonist,BRD-K01827280
prostaglandin inhibitor,BRD-K01827286
adrenergic receptor antagonist,BRD-K01827287
glutamate receptor antagonist,BRD-K01827287
dopamine receptor antagonist,BRD-K01827307
PARP inhibitor,BRD-K02113016
HDAC inhibitor,BRD-K02130563
elastase inhibitor,BRD-K02152879
norepinephrine reputake inhibitor,BRD-K02265150
bacterial cell wall synthesis inhibitor,BRD-K02275692
bacterial cell wall synthesis inhibitor,BRD-K02292852
androgen receptor agonist,BRD-K02314383
adenosine receptor antagonist,BRD-K02404261
phosphodiesterase inhibitor,BRD-K02404261
antiprotozoal agent,BRD-K02475039
carbonic anhydrase inhibitor,BRD-K02594908
cyclooxygenase inhibitor,BRD-K02637541
bacterial cell wall synthesis inhibitor,BRD-K02733959
serotonin reuptake inhibitor,BRD-K02867583
protein synthesis inhibitor,BRD-K02900412
HCV inhibitor,BRD-K02943813
vitamin D receptor agonist,BRD-K02965577
vasodilator,BRD-K02976377
nucleoside reverse transcriptase inhibitor,BRD-K02992638
dopamine receptor agonist,BRD-K02995728
calcium sensitizer,BRD-K03095347
PPAR receptor agonist,BRD-K03165895
phosphodiesterase inhibitor,BRD-K03194791
DNA directed DNA polymerase inhibitor,BRD-K03243820
thymidylate synthase inhibitor,BRD-K03243820
norepinephrine reputake inhibitor,BRD-K03319035
tricyclic antidepressant,BRD-K03319035
gastrin inhibitor,BRD-K03353589
urease inhibitor,BRD-K03353589
MEK inhibitor,BRD-K03390685
DNA methyltransferase inhibitor,BRD-K03406345
microtubule stabilizing agent,BRD-K03601870
bacterial cell wall synthesis inhibitor,BRD-K03907181
progestogen hormone,BRD-K03981224
dopamine receptor antagonist,BRD-K04111260
cyclooxygenase inhibitor,BRD-K04112579
dopamine receptor antagonist,BRD-K04175245
local anesthetic,BRD-K04185004
sodium channel blocker,BRD-K04196797
tubulin polymerization inhibitor,BRD-K04269837
bacterial cell wall synthesis inhibitor,BRD-K04301924
mineralocorticoid receptor antagonist,BRD-K04394237
topoisomerase inhibitor,BRD-K04548931
membrane integrity inhibitor,BRD-K04568635
HCV inhibitor,BRD-K04704168
DNA synthesis inhibitor,BRD-K04725460
bacterial DNA gyrase inhibitor,BRD-K04804440
glutamate receptor antagonist,BRD-K04843140
adrenergic receptor antagonist,BRD-K04956647
osteoclast inhibitor,BRD-K05185389
antioxidant,BRD-K05319475
dipeptidyl peptidase inhibitor,BRD-K05355328
acetylcholine receptor agonist,BRD-K05395900
HCV inhibitor,BRD-K05446112
GLP receptor agonist,BRD-K05505104
adrenergic receptor antagonist,BRD-K05524748
bacterial 30S ribosomal subunit inhibitor,BRD-K05619559
membrane integrity inhibitor,BRD-K05638300
HIV integrase inhibitor,BRD-K05658747
bacterial cell wall synthesis inhibitor,BRD-K05673000
sodium/glucose cotransporter inhibitor,BRD-K05850076
ATPase inhibitor,BRD-K05900209
TRPV agonist,BRD-K05907307
sterol demethylase inhibitor,BRD-K05977355
nitric oxide precursor,BRD-K06033833
membrane permeability inhibitor,BRD-K06152156
acetylcholine receptor antagonist,BRD-K06181161
sterol demethylase inhibitor,BRD-K06222852
non-nucleoside reverse transcriptase inhibitor,BRD-K06240250
adrenergic receptor agonist,BRD-K06335600
dopamine receptor agonist,BRD-K06388322
hypoxia inducible factor inhibitor,BRD-K06455935
voltage-gated calcium channel ligand,BRD-K06502269
microtubule inhibitor,BRD-K06519765
tubulin polymerization inhibitor,BRD-K06519765
cytochrome P450 inhibitor,BRD-K06557128
serine protease inhibitor,BRD-K06674495
chelating agent,BRD-K06878038
serotonin receptor agonist,BRD-K06895174
bacterial cell wall synthesis inhibitor,BRD-K06900071
KATP activator,BRD-K06902185
Kir6 channel (KATP) activator,BRD-K06902185
vasodilator,BRD-K06902185
dopamine receptor antagonist,BRD-K06980535
bacterial 30S ribosomal subunit inhibitor,BRD-K07166362
dihydrofolate reductase inhibitor,BRD-K07208025
calcium channel blocker,BRD-K07220430
monoamine oxidase inhibitor,BRD-K07237224
chelating agent,BRD-K07265709
topoisomerase inhibitor,BRD-K07265709
sterol demethylase inhibitor,BRD-K07400595
gonadotropin inhibitor,BRD-K07441213
NFkB pathway inhibitor,BRD-K07572174
cyclooxygenase inhibitor,BRD-K07572174
histone acetyltransferase inhibitor,BRD-K07572174
lipoxygenase inhibitor,BRD-K07572174
bacterial DNA gyrase inhibitor,BRD-K07612980
contraceptive agent,BRD-K07625016
bacterial cell wall synthesis inhibitor,BRD-K07712545
steroid,BRD-K07785030
opioid receptor antagonist,BRD-K07857022
hemozoin biocrystallization inhibitor,BRD-K07940445
bacterial 30S ribosomal subunit inhibitor,BRD-K08033334
bacterial 50S ribosomal subunit inhibitor,BRD-K08111712
thymidylate synthase inhibitor,BRD-K08151102
mTOR inhibitor,BRD-K08177763
DNA replication inhibitor,BRD-K08206212
nucleoside reverse transcriptase inhibitor,BRD-K08206212
vitamin D receptor agonist,BRD-K08251020
cyclooxygenase inhibitor,BRD-K08252256
serotonin receptor agonist,BRD-K08255599
tubulin polymerization inhibitor,BRD-K08273968
acetylcholinesterase inhibitor,BRD-K08303368
bacterial 30S ribosomal subunit inhibitor,BRD-K08327065
adrenergic receptor agonist,BRD-K08356259
bacterial DNA gyrase inhibitor,BRD-K08525451
topoisomerase inhibitor,BRD-K08547377
prostanoid receptor antagonist,BRD-K08586861
dopamine receptor antagonist,BRD-K08619574
bone resorption inhibitor,BRD-K08681769
adrenergic receptor antagonist,BRD-K08806317
serotonin receptor antagonist,BRD-K08924299
tyrosinase inhibitor,BRD-K08976401
topoisomerase inhibitor,BRD-K08999871
cyclooxygenase inhibitor,BRD-K09090523
chelating agent,BRD-K09255212
HMGCR inhibitor,BRD-K09416995
bacterial DNA gyrase inhibitor,BRD-K09471561
T-type calcium channel blocker,BRD-K09549677
adenylyl cyclase activator,BRD-K09602097
cytochrome P450 inhibitor,BRD-K09631521
HCV inhibitor,BRD-K09735259
HIV protease inhibitor,BRD-K09757388
chelating agent,BRD-K09821361
acetylcholine receptor antagonist,BRD-K09859624
RAF inhibitor,BRD-K09951645
HIV protease inhibitor,BRD-K09963420
glucocorticoid receptor agonist,BRD-K09968782
laxative,BRD-K10065684
DNA synthesis inhibitor,BRD-K10180294
bacterial DNA gyrase inhibitor,BRD-K10196357
bacterial permeability inducer,BRD-K10207760
nootropic agent,BRD-K10314788
topoisomerase inhibitor,BRD-K10362825
microtubule inhibitor,BRD-K10384176
anticonvulsant,BRD-K10667240
cyclooxygenase inhibitor,BRD-K10670311
dihydropteroate synthetase inhibitor,BRD-K10671814
acetylcholinesterase inhibitor,BRD-K10706131
bacterial 50S ribosomal subunit inhibitor,BRD-K10759270
angiotensin converting enzyme inhibitor,BRD-K10784860
glucocorticoid receptor agonist,BRD-K10799896
bacterial DNA gyrase inhibitor,BRD-K10836013
cyclooxygenase inhibitor,BRD-K10843433
prostanoid receptor antagonist,BRD-K10843433
bone resorption inhibitor,BRD-K10845183
osteoclast inhibitor,BRD-K10845183
catechol O methyltransferase inhibitor,BRD-K10852020
adrenergic receptor antagonist,BRD-K10906636
prostanoid receptor agonist,BRD-K10961822
protein synthesis inhibitor,BRD-K10974103
dopamine receptor antagonist,BRD-K10995081
HCV inhibitor,BRD-K11072003
radiopaque medium,BRD-K11099631
bacterial cell wall synthesis inhibitor,BRD-K11124378
lipoprotein lipase activator,BRD-K11129031
bacterial DNA gyrase inhibitor,BRD-K11196887
melanin inhibitor,BRD-K11227669
NAD precursor,BRD-K11256763
ALK tyrosine kinase receptor inhibitor,BRD-K11267252
cholinesterase inhibitor,BRD-K11292736
protein synthesis inhibitor,BRD-K11298197
AMPK activator,BRD-K11399644
cyclooxygenase inhibitor,BRD-K11433652
angiotensin converting enzyme inhibitor,BRD-K11466259
mucus protecting agent,BRD-K11510141
glucocorticoid receptor agonist,BRD-K11612998
thymidylate synthase inhibitor,BRD-K11630072
PABA antagonist,BRD-K11640013
chloride channel blocker,BRD-K11717138
histamine receptor antagonist,BRD-K11742128
bacterial DNA inhibitor,BRD-K11756522
bacterial 30S ribosomal subunit inhibitor,BRD-K11905747
thymidine phosphorylase inhibitor,BRD-K11973162
nitric oxide donor,BRD-K12014493
monoamine oxidase inhibitor,BRD-K12102668
sulfonylurea,BRD-K12219985
tubulin polymerization inhibitor,BRD-K12251893
MEK inhibitor,BRD-K12343256
cyclooxygenase inhibitor,BRD-K12513978
acetylcholine receptor antagonist,BRD-K12539416
analgesic agent,BRD-K12568846
membrane permeability inhibitor,BRD-K12609457
phosphodiesterase inhibitor,BRD-K12742203
11-beta hydroxysteroid dehydrogenase inhibitor,BRD-K12765235
steroidal progestin,BRD-K12872829
microtubule inhibitor,BRD-K12906202
tubulin polymerization inhibitor,BRD-K12906202
glucocorticoid receptor agonist,BRD-K12955147
cyclooxygenase inhibitor,BRD-K12994359
monoamine oxidase inhibitor,BRD-K13032584
membrane integrity inhibitor,BRD-K13044802
thiazide diuretic,BRD-K13078532
DNA synthesis inhibitor,BRD-K13112821
anti-pneumocystis agent,BRD-K13183738
other antifungal,BRD-K13238168
benzodiazepine receptor agonist,BRD-K13249881
cannabinoid receptor antagonist,BRD-K13296708
histamine receptor antagonist,BRD-K13314656
other antifungal,BRD-K13330768
carbonic anhydrase inhibitor,BRD-K13356952
ATPase inhibitor,BRD-K13387373
phosphodiesterase inhibitor,BRD-K13414800
mTOR inhibitor,BRD-K13514097
calcineurin inhibitor,BRD-K13533483
antimalarial agent,BRD-K13664493
bacterial cell wall synthesis inhibitor,BRD-K13797099
cyclooxygenase inhibitor,BRD-K13800121
HDAC inhibitor,BRD-K13810148
topoisomerase inhibitor,BRD-K13843533
phosphodiesterase inhibitor,BRD-K13926615
adrenergic receptor agonist,BRD-K14003026
bacterial cell wall synthesis inhibitor,BRD-K14079729
bacterial antifolate,BRD-K14116214
acetylcholine receptor antagonist,BRD-K14127446
dipeptidyl peptidase inhibitor,BRD-K14171291
beta lactamase inhibitor,BRD-K14312455
vitamin B,BRD-K14349461
adenosine receptor agonist,BRD-K14395568
topical sunscreen agent,BRD-K14401183
dopamine receptor agonist,BRD-K14496212
progestogen hormone,BRD-K14619660
somatostatin receptor agonist,BRD-K14681867
topoisomerase inhibitor,BRD-K14704277
dihydropteroate synthase inhibitor,BRD-K14705039
chemoreceptor agonist,BRD-K14993104
histamine receptor antagonist,BRD-K15010214
antifibrinolytic,BRD-K15014948
plasminogen activator inhibitor,BRD-K15014948
ribonucleotide reductase inhibitor,BRD-K15108141
proteasome inhibitor,BRD-K15179879
isoleucyl-tRNA synthetase inhibitor,BRD-K15262564
thrombin inhibitor,BRD-K15318383
androgen receptor agonist,BRD-K15360631
estrogen receptor agonist,BRD-K15360631
adrenergic receptor antagonist,BRD-K15380626
T-type calcium channel blocker,BRD-K15409150
NFkB pathway inhibitor,BRD-K15426076
cyclooxygenase inhibitor,BRD-K15426076
non-nucleoside reverse transcriptase inhibitor,BRD-K15502390
bacterial cell wall synthesis inhibitor,BRD-K15514357
sodium/glucose cotransporter inhibitor,BRD-K15563106
phosphodiesterase inhibitor,BRD-K15567136
sodium/chloride cotransporter inhibitor,BRD-K15567837
DNA alkylating agent,BRD-K15656090
"nuclear factor erythroid derived, like (NRF2) activator",BRD-K15697815
bacterial cell wall synthesis inhibitor,BRD-K15766189
HIV integrase inhibitor,BRD-K15891719
nucleoside reverse transcriptase inhibitor,BRD-K15891719
cytochrome P450 inhibitor,BRD-K15916496
imidazoline receptor ligand,BRD-K15916496
dopamine receptor agonist,BRD-K15933101
DNA polymerase inhibitor,BRD-K15976406
cyclooxygenase inhibitor,BRD-K16077845
ATP synthase inhibitor,BRD-K16136380
adrenergic receptor agonist,BRD-K16195444
dopamine receptor antagonist,BRD-K16277217
leukotriene receptor antagonist,BRD-K16444452
phosphodiesterase inhibitor,BRD-K16444452
acetylcholine receptor antagonist,BRD-K16484091
NFkB pathway inhibitor,BRD-K16546375
RNA polymerase inhibitor,BRD-K16547679
oxazolidine antiepileptic,BRD-K16606819
FGFR inhibitor,BRD-K16730910
KIT inhibitor,BRD-K16730910
PDGFR tyrosine kinase receptor inhibitor,BRD-K16730910
RAF inhibitor,BRD-K16730910
RET tyrosine kinase inhibitor,BRD-K16730910
VEGFR inhibitor,BRD-K16730910
antioxidant,BRD-K16742848
estrogen receptor agonist,BRD-K17016787
DNA inhibitor,BRD-K17068645
opioid receptor antagonist,BRD-K17075857
PABA antagonist,BRD-K17205817
cyclooxygenase inhibitor,BRD-K17219082
ATP synthase inhibitor,BRD-K17223896
dopamine receptor antagonist,BRD-K17294426
adrenergic receptor agonist,BRD-K17311468
serotonin receptor agonist,BRD-K17311468
nucleoside reverse transcriptase inhibitor,BRD-K17443395
GABA receptor positive allosteric modulator,BRD-K17458574
bacterial cell wall synthesis inhibitor,BRD-K17480742
acetylcholine receptor antagonist,BRD-K17498618
chelating agent,BRD-K17518951
potassium channel blocker,BRD-K17561142
muscle relaxant,BRD-K17565903
antiprotozoal agent,BRD-K17641316
HDAC inhibitor,BRD-K17743125
angiogenesis inhibitor,BRD-K17849083
prostaglandin receptor agonist,BRD-K17850764
bacterial cell wall synthesis inhibitor,BRD-K17903788
antitussive,BRD-K17977438
monoamine oxidase inhibitor,BRD-K17979676
carbonic anhydrase inhibitor,BRD-K18131774
11-beta hydroxysteroid dehydrogenase inhibitor,BRD-K18135438
FXR agonist,BRD-K18135438
adrenergic receptor agonist,BRD-K18194590
local anesthetic,BRD-K18250272
glutamate receptor antagonist,BRD-K18324993
adrenergic receptor agonist,BRD-K18423410
protein synthesis inhibitor,BRD-K18552138
bacterial cell wall synthesis inhibitor,BRD-K18574842
folate receptor ligand,BRD-K18673820
dopamine precursor,BRD-K18749874
dopamine receptor agonist,BRD-K18749874
acetylcholine release enhancer,BRD-K18779551
acetylcholine receptor agonist,BRD-K18855837
dopamine receptor antagonist,BRD-K18895904
serotonin receptor antagonist,BRD-K18895904
estrogen receptor agonist,BRD-K18910433
acetylcholinesterase inhibitor,BRD-K18922609
DNA polymerase inhibitor,BRD-K18948558
PPAR receptor agonist,BRD-K19111024
other antifungal,BRD-K19189338
indicator dye,BRD-K19227686
dopamine receptor antagonist,BRD-K19352500
adenylyl cyclase activator,BRD-K19388745
dipeptidyl peptidase inhibitor,BRD-K19416115
acetylcholine receptor agonist,BRD-K19456237
adrenergic receptor antagonist,BRD-K19462402
calcium channel blocker,BRD-K19462402
progesterone receptor agonist,BRD-K19507340
cyclooxygenase inhibitor,BRD-K19515365
EGFR inhibitor,BRD-K19687926
prostanoid receptor agonist,BRD-K19706299
potassium channel blocker,BRD-K19741547
PABA antagonist,BRD-K19742012
cytochrome P450 inhibitor,BRD-K19761926
smoothened receptor antagonist,BRD-K19796430
histamine receptor agonist,BRD-K20075662
voltage-gated sodium channel blocker,BRD-K20079257
norepinephrine transporter inhibitor,BRD-K20141153
acetylcholine receptor antagonist,BRD-K20168442
GABA transaminase inhibitor,BRD-K20313525
bacterial cell wall synthesis inhibitor,BRD-K20338176
norepinephrine precursor,BRD-K20372197
antioxidant,BRD-K20482099
capillary stabilizing agent,BRD-K20482099
nitric oxide scavenger,BRD-K20482099
neuromuscular blocker,BRD-K20672254
phosphodiesterase inhibitor,BRD-K20745393
synthetic estrogen,BRD-K20801936
DNA synthesis inhibitor,BRD-K20902145
immunosuppressant,BRD-K20920669
apoptosis stimulant,BRD-K21045639
acetylcholine receptor agonist,BRD-K21123171
phosphodiesterase inhibitor,BRD-K21152241
glutamate inhibitor,BRD-K21283037
bacterial cell wall synthesis inhibitor,BRD-K21372554
carbonic anhydrase inhibitor,BRD-K21450440
PABA antagonist,BRD-K21520694
glucocorticoid receptor agonist,BRD-K21528677
sodium channel blocker,BRD-K21548250
adrenergic receptor agonist,BRD-K21565985
angiotensin receptor antagonist,BRD-K21586122
urease inhibitor,BRD-K21615095
fungal ergosterol inhibitor,BRD-K21656326
topoisomerase inhibitor,BRD-K21680192
Abl kinase inhibitor,BRD-K21718444
Aurora kinase inhibitor,BRD-K21718444
FLT3 inhibitor,BRD-K21718444
cyclooxygenase inhibitor,BRD-K21733600
antiseptic,BRD-K21771665
histamine receptor antagonist,BRD-K21884483
muscle relaxant,BRD-K22009844
prostanoid receptor antagonist,BRD-K22031190
HMGCR inhibitor,BRD-K22134346
ALK tyrosine kinase receptor inhibitor,BRD-K22149900
histamine receptor antagonist,BRD-K22421059
retinoid receptor ligand,BRD-K22429181
potassium channel blocker,BRD-K22482860
histamine receptor antagonist,BRD-K22556255
bacterial cell wall synthesis inhibitor,BRD-K22641081
DNA polymerase inhibitor,BRD-K22662435
antiprotozoal agent,BRD-K22685337
dopamine reuptake inhibitor,BRD-K22936972
bacterial 50S ribosomal subunit inhibitor,BRD-K22938173
neuraminidase inhibitor,BRD-K23067689
bacterial cell wall synthesis inhibitor,BRD-K23200955
DNA inhibitor,BRD-K23204545
androgen receptor antagonist,BRD-K23566484
protein synthesis inhibitor,BRD-K23586533
transthyretin amyloid inhibitor,BRD-K23728141
acetylcholinesterase inhibitor,BRD-K23779958
tachykinin antagonist,BRD-K23848629
vitamin K antagonist,BRD-K23913458
prostanoid receptor agonist,BRD-K23976833
FLT3 inhibitor,BRD-K23984367
KIT inhibitor,BRD-K23984367
PDGFR tyrosine kinase receptor inhibitor,BRD-K23984367
RAF inhibitor,BRD-K23984367
RET tyrosine kinase inhibitor,BRD-K23984367
VEGFR inhibitor,BRD-K23984367
calcium channel blocker,BRD-K24023109
androgen biosynthesis inhibitor,BRD-K24048528
dopamine receptor agonist,BRD-K24219278
acetylcholinesterase inhibitor,BRD-K24221957
anti-inflammatory agent,BRD-K24452555
glucocorticoid receptor agonist,BRD-K24452555
glutamate receptor negative allosteric modulator,BRD-K24548560
HMGCR inhibitor,BRD-K24616672
immunosuppressant,BRD-K24697665
acetylcholine receptor antagonist,BRD-K24723746
thymidylate synthase inhibitor,BRD-K24844714
bacterial cell wall synthesis inhibitor,BRD-K24871708
HCV inhibitor,BRD-K24943235
prostanoid receptor agonist,BRD-K25015158
other antibiotic,BRD-K25029121
contrast agent,BRD-K25106841
protein synthesis inhibitor,BRD-K25209357
oxytocin receptor agonist,BRD-K25243230
cyclooxygenase inhibitor,BRD-K25394294
norepinephrine reputake inhibitor,BRD-K25433859
tricyclic antidepressant,BRD-K25433859
dihydrofolate reductase inhibitor,BRD-K25494650
acetylcholinesterase inhibitor,BRD-K25650355
cholinesterase inhibitor,BRD-K25650355
angiotensin receptor antagonist,BRD-K25723200
fungal ergosterol inhibitor,BRD-K25770965
bacterial 50S ribosomal subunit inhibitor,BRD-K25837718
purinergic receptor antagonist,BRD-K25838957
dopamine receptor antagonist,BRD-K25943794
serotonin receptor antagonist,BRD-K25943794
vitamin K antagonist,BRD-K25991148
corticosteroid agonist,BRD-K26024145
glutamate receptor antagonist,BRD-K26262077
cyclooxygenase inhibitor,BRD-K26404903
prostanoid receptor agonist,BRD-K26521938
GABA receptor antagonist,BRD-K26619122
bacterial 50S ribosomal subunit inhibitor,BRD-K26634012
interferon inducer,BRD-K26657438
toll-like receptor agonist,BRD-K26657438
FXR antagonist,BRD-K26674531
estrogen receptor agonist,BRD-K26674531
progesterone receptor agonist,BRD-K26674531
bronchodilator,BRD-K26739552
dopamine receptor antagonist,BRD-K26801045
aryl hydrocarbon receptor agonist,BRD-K26862302
cyclooxygenase inhibitor,BRD-K26901728
estrogenic hormone,BRD-K27062708
bacterial cell wall synthesis inhibitor,BRD-K27130738
histamine receptor antagonist,BRD-K27184429
sodium channel blocker,BRD-K27217864
anti-inflammatory agent,BRD-K27293958
vitamin D receptor agonist,BRD-K27316855
progesterone receptor agonist,BRD-K27351809
membrane permeability enhancer,BRD-K27352494
antimalarial agent,BRD-K27382019
carbonic anhydrase inhibitor,BRD-K27393415
bacterial cell wall synthesis inhibitor,BRD-K27515606
purinergic receptor antagonist,BRD-K27721098
protein synthesis inhibitor,BRD-K27771035
bacterial cell wall synthesis inhibitor,BRD-K27798832
adrenergic receptor agonist,BRD-K27853494
bacterial cell wall synthesis inhibitor,BRD-K27871792
dopamine receptor antagonist,BRD-K27898013
serotonin receptor antagonist,BRD-K28029915
histamine receptor antagonist,BRD-K28143534
dihydrofolate reductase inhibitor,BRD-K28183345
bacterial cell wall synthesis inhibitor,BRD-K28210218
bacterial cell wall synthesis inhibitor,BRD-K28224173
androgen receptor antagonist,BRD-K28307902
RNA polymerase inhibitor,BRD-K28346421
PABA antagonist,BRD-K28494619
HDAC inhibitor,BRD-K28537285
prostanoid receptor antagonist,BRD-K28542495
angiotensin converting enzyme inhibitor,BRD-K28550399
excipient,BRD-K28595280
fatty acid synthase inhibitor,BRD-K28667793
phosphodiesterase inhibitor,BRD-K28687144
dopamine receptor antagonist,BRD-K28761384
melatonin receptor agonist,BRD-K28761891
cyclooxygenase inhibitor,BRD-K28849549
lipoxygenase inhibitor,BRD-K28849549
prostanoid receptor antagonist,BRD-K28849549
protein synthesis stimulant,BRD-K28912512
bacterial cell wall synthesis inhibitor,BRD-K28935038
histamine receptor agonist,BRD-K28936863
histamine receptor antagonist,BRD-K28936863
leukotriene receptor antagonist,BRD-K28936863
phosphodiesterase inhibitor,BRD-K28936863
sterol demethylase inhibitor,BRD-K29113274
lactamase inhibitor,BRD-K29229654
coenzyme A precursor,BRD-K29392254
PI3K inhibitor,BRD-K29415052
DNA inhibitor,BRD-K29458283
angiotensin converting enzyme inhibitor,BRD-K29462201
histamine receptor modulator,BRD-K29530284
gastrin inhibitor,BRD-K29570907
dopamine receptor antagonist,BRD-K29582115
serotonin receptor antagonist,BRD-K29582115
calcium channel blocker,BRD-K29582677
acetylcholine receptor antagonist,BRD-K29626940
carbonic anhydrase inhibitor,BRD-K29653726
glutamate receptor antagonist,BRD-K29653726
kainate receptor antagonist,BRD-K29653726
antihistamine,BRD-K29713308
sigma receptor agonist,BRD-K29812331
PDGFR tyrosine kinase receptor inhibitor,BRD-K29905972
VEGFR inhibitor,BRD-K29905972
glycosylated protein precursor,BRD-K29918010
estrogen receptor antagonist,BRD-K29950728
acetylcholinesterase inhibitor,BRD-K29996876
renin inhibitor,BRD-K30020243
bacterial DNA inhibitor,BRD-K30114692
bacterial cell wall synthesis inhibitor,BRD-K30177383
cytochrome P450 inhibitor,BRD-K30213273
histamine receptor antagonist,BRD-K30240666
5 alpha reductase inhibitor,BRD-K30373883
diuretic,BRD-K30374899
adrenergic receptor antagonist,BRD-K30421593
glucocorticoid receptor agonist,BRD-K30468934
electrolyte reabsorption inhibitor,BRD-K30480208
thromboxane receptor antagonist,BRD-K30480208
ACAT inhibitor,BRD-K30553453
protein synthesis inhibitor,BRD-K30563334
tubulin polymerization inhibitor,BRD-K30577245
opioid receptor antagonist,BRD-K30634073
carbonic anhydrase inhibitor,BRD-K30649484
serotonin receptor agonist,BRD-K30652337
thyroid hormone stimulant,BRD-K30685142
glucocorticoid receptor agonist,BRD-K30697463
cosmetic moisturizer,BRD-K30758549
other antibiotic,BRD-K30764557
histamine receptor antagonist,BRD-K30816563
"nuclear factor erythroid derived, like (NRF2) activator",BRD-K31111078
cholesterol inhibitor,BRD-K31139048
JAK inhibitor,BRD-K31283835
HCN channel blocker,BRD-K31385749
potassium channel blocker,BRD-K31385749
sodium channel blocker,BRD-K31385749
protein synthesis inhibitor,BRD-K31484631
glucocorticoid receptor agonist,BRD-K31627533
bacterial antifolate,BRD-K31682896
EGFR inhibitor,BRD-K31698212
mediator release inhibitor,BRD-K31731454
adrenergic receptor antagonist,BRD-K31812033
estrogen receptor agonist,BRD-K31920458
topoisomerase inhibitor,BRD-K31965398
DNA synthesis inhibitor,BRD-K32007074
bacterial antifolate,BRD-K32021043
DNA alkylating agent,BRD-K32107296
ATP channel blocker,BRD-K32164935
GABA receptor antagonist,BRD-K32247306
bacterial antifolate,BRD-K32273377
potassium channel blocker,BRD-K32311154
DNA polymerase inhibitor,BRD-K32318651
DNA methyltransferase inhibitor,BRD-K32744045
TRPV agonist,BRD-K32744045
aldehyde dehydrogenase inhibitor,BRD-K32744045
potassium-competitive acid antagonist,BRD-K32768103
apoptosis stimulant,BRD-K32786395
bacterial cell wall synthesis inhibitor,BRD-K32791151
dehydrogenase inhibitor,BRD-K32821942
adrenergic receptor agonist,BRD-K32830106
dihydrofolate reductase inhibitor,BRD-K32842773
thymidylate synthase inhibitor,BRD-K32842773
androgen receptor antagonist,BRD-K32977963
protein synthesis inhibitor,BRD-K33082088
ribonucleotide reductase inhibitor,BRD-K33106058
retinoid receptor agonist,BRD-K33127281
adrenergic receptor antagonist,BRD-K33133047
glutamate receptor antagonist,BRD-K33211335
sigma receptor agonist,BRD-K33211335
HIV protease inhibitor,BRD-K33226500
CC chemokine receptor antagonist,BRD-K33240821
glycosyl transferase inhibitor,BRD-K33251802
ATPase inhibitor,BRD-K33277808
adrenergic receptor agonist,BRD-K33335792
aromatase inhibitor,BRD-K33425534
histamine receptor antagonist,BRD-K33453211
interleukin receptor agonist,BRD-K33483813
cholinesterase reactivator,BRD-K33588785
contrast agent,BRD-K33623053
immunostimulant,BRD-K33623053
serotonin receptor agonist,BRD-K33637378
serotonin receptor agonist,BRD-K33681278
prostanoid receptor agonist,BRD-K33682646
mycolic synthesis inhibitor,BRD-K33710385
opioid receptor antagonist,BRD-K33732501
protein synthesis inhibitor,BRD-K33742430
mucolytic agent,BRD-K33809398
bacterial 50S ribosomal subunit inhibitor,BRD-K33813875
chloride channel activator,BRD-K33814251
HCN channel blocker,BRD-K33972682
potassium channel blocker,BRD-K33972682
sodium channel blocker,BRD-K33972682
ribonucleotide reductase inhibitor,BRD-K34022604
glucocorticoid receptor agonist,BRD-K34032314
bacterial cell wall synthesis inhibitor,BRD-K34058848
non-nucleoside reverse transcriptase inhibitor,BRD-K34068325
cytochrome P450 inhibitor,BRD-K34098590
sodium/potassium/chloride transporter inhibitor,BRD-K34098590
histamine receptor antagonist,BRD-K34157611
cationic surfactant,BRD-K34234316
angiotensin converting enzyme inhibitor,BRD-K34332569
bacterial cell wall synthesis inhibitor,BRD-K34388247
DNA alkylating agent,BRD-K34411947
histamine receptor antagonist,BRD-K34415467
angiotensin converting enzyme inhibitor,BRD-K34441861
adrenergic receptor agonist,BRD-K34469523
anti-inflammatory agent,BRD-K34566599
interferon inducer,BRD-K34568562
dopamine receptor antagonist,BRD-K34685430
serotonin receptor antagonist,BRD-K34685430
dopamine analog,BRD-K34730807
dopamine precursor,BRD-K34730807
insulin secretagogue,BRD-K34776109
endothelin receptor antagonist,BRD-K34843150
phosphodiesterase inhibitor,BRD-K34888156
adrenergic receptor antagonist,BRD-K35034482
estrogen receptor agonist,BRD-K35189033
glucocorticoid receptor antagonist,BRD-K35189033
progesterone receptor agonist,BRD-K35189033
progesterone receptor antagonist,BRD-K35189033
glucocorticoid receptor agonist,BRD-K35240538
glucocorticoid receptor agonist,BRD-K35245662
nootropic agent,BRD-K35458079
DNA alkylating agent,BRD-K35520305
dopamine receptor antagonist,BRD-K35559145
adrenergic receptor antagonist,BRD-K35586044
dihydropyrimidine dehydrogenase inhibitor,BRD-K35687421
serotonin receptor agonist,BRD-K35719256
fungal squalene epoxidase inhibitor,BRD-K35775715
local anesthetic,BRD-K35798650
serotonin receptor antagonist,BRD-K35941380
DNA replication inhibitor,BRD-K35960502
STAT inhibitor,BRD-K35960502
bacterial 30S ribosomal subunit inhibitor,BRD-K36062294
psychoactive drug,BRD-K36116267
coloring agent,BRD-K36163066
dopamine receptor antagonist,BRD-K36207157
DNA alkylating agent,BRD-K36234266
DNA inhibitor,BRD-K36234266
alcohol dehydrogenase inhibitor,BRD-K36368047
HIV integrase inhibitor,BRD-K36386086
dipeptidyl peptidase inhibitor,BRD-K36407194
antioxidant,BRD-K36474365
mucolytic agent,BRD-K36513555
bacterial 30S ribosomal subunit inhibitor,BRD-K36524108
retinoid receptor agonist,BRD-K36627727
cyclooxygenase inhibitor,BRD-K36660044
adrenergic receptor antagonist,BRD-K36732695
calcium channel blocker,BRD-K36756879
bacterial 50S ribosomal subunit inhibitor,BRD-K36796419
phenylalanine 4-hydroxylase stimulant,BRD-K36859431
sodium/potassium/chloride transporter inhibitor,BRD-K36862742
ATP channel blocker,BRD-K36927236
insulin secretagogue,BRD-K36927236
sulfonylurea,BRD-K36927236
chelating agent,BRD-K37111771
coagulation factor inhibitor,BRD-K37130656
histamine receptor antagonist,BRD-K37249724
bacterial cell wall synthesis inhibitor,BRD-K37252028
glucocorticoid receptor antagonist,BRD-K37270826
progesterone receptor antagonist,BRD-K37270826
dopamine receptor antagonist,BRD-K37289225
serotonin receptor antagonist,BRD-K37289225
vasopressin receptor antagonist,BRD-K37385792
calcium channel modulator,BRD-K37516142
cholinergic receptor antagonist,BRD-K37543758
psychoactive drug,BRD-K37688416
histamine receptor antagonist,BRD-K37694030
protein synthesis inhibitor,BRD-K37753391
anxiolytic,BRD-K37793595
topoisomerase inhibitor,BRD-K37798499
dopamine receptor antagonist,BRD-K37814297
penicillin binding protein inhibitor,BRD-K37848908
platelet aggregation inhibitor,BRD-K37872686
structural glycoprotein antagonist,BRD-K37872686
bone resorption inhibitor,BRD-K37949327
selective serotonin reuptake inhibitor (SSRI),BRD-K37991163
steroid,BRD-K38003476
progesterone receptor agonist,BRD-K38041788
radiopaque medium,BRD-K38140108
thrombin inhibitor,BRD-K38168441
solute carrier family member inhibitor,BRD-K38197229
dopamine receptor antagonist,BRD-K38305202
protein synthesis inhibitor,BRD-K38310698
ribosomal protein inhibitor,BRD-K38310698
cyclooxygenase inhibitor,BRD-K38323065
norepinephrine reputake inhibitor,BRD-K38436528
serotonin reuptake inhibitor,BRD-K38436528
DNA directed RNA polymerase inhibitor,BRD-K38512030
growth factor receptor activator,BRD-K38580127
bacterial 50S ribosomal subunit inhibitor,BRD-K38684403
5 alpha reductase inhibitor,BRD-K38704569
glucocorticoid receptor agonist,BRD-K38775274
DNA inhibitor,BRD-K38820178
flavanone glycoside,BRD-K38903228
adrenergic receptor agonist,BRD-K38911213
anti-inflammatory agent,BRD-K38938675
autotaxin inhibitor,BRD-K39120595
glucocorticoid receptor agonist,BRD-K39188321
adrenergic receptor antagonist,BRD-K39252998
cyclooxygenase inhibitor,BRD-K39339537
histamine receptor antagonist,BRD-K39462424
androgen receptor antagonist,BRD-K39479472
antimalarial agent,BRD-K39621635
progestogen hormone,BRD-K39707084
bacterial 50S ribosomal subunit inhibitor,BRD-K39746403
dopamine receptor antagonist,BRD-K39915878
serotonin receptor antagonist,BRD-K39915878
PPAR receptor agonist,BRD-K39965020
FGFR inhibitor,BRD-K39974922
KIT inhibitor,BRD-K39974922
PDGFR tyrosine kinase receptor inhibitor,BRD-K39974922
VEGFR inhibitor,BRD-K39974922
glucocorticoid receptor agonist,BRD-K39983086
phospholipase inhibitor,BRD-K39983086
laxative,BRD-K39987650
adrenergic receptor antagonist,BRD-K40227168
3-beta-D-glucan synthase inhibitor,BRD-K40407248
fungal 1,BRD-K40407248
thrombopoietin receptor agonist,BRD-K40496271
acetylcholine receptor antagonist,BRD-K40530731
adenosine receptor antagonist,BRD-K40645748
hemoglobin antagonist,BRD-K40645748
protein synthesis inhibitor,BRD-K40645748
HIV protease inhibitor,BRD-K40758068
laxative,BRD-K40787673
adrenergic receptor antagonist,BRD-K40902647
sodium channel blocker,BRD-K40905133
antiinfective drug,BRD-K40992116
bacterial cell wall synthesis inhibitor,BRD-K41051431
androgen receptor antagonist,BRD-K41141507
G protein-coupled receptor agonist,BRD-K41170226
biliverdin reductase A activator,BRD-K41170226
endothelin receptor antagonist,BRD-K41185545
protein synthesis stimulant,BRD-K41256143
HDAC inhibitor,BRD-K41260949
benzodiazepine receptor agonist,BRD-K41260949
PABA antagonist,BRD-K41406082
cyclooxygenase inhibitor,BRD-K41410256
opioid receptor antagonist,BRD-K41458421
cyclooxygenase inhibitor,BRD-K41524689
phosphoenolpyruvate carboxylase activator,BRD-K41707108
serine/threonine protein phosphatase activator,BRD-K41707108
antibacterial agent,BRD-K41731458
prostaglandin inhibitor,BRD-K41866823
tricyclic antidepressant,BRD-K42098891
gonadotropin releasing factor hormone receptor antagonist,BRD-K42140276
cholesterol inhibitor,BRD-K42260897
niemann-pick c1-like 1 protein antagonist,BRD-K42260897
angiotensin converting enzyme inhibitor,BRD-K42317111
adrenergic receptor agonist,BRD-K42348709
serotonin receptor agonist,BRD-K42348709
antitussive,BRD-K42596464
adrenergic receptor antagonist,BRD-K42635745
EGFR inhibitor,BRD-K42805893
adrenergic receptor agonist,BRD-K42816473
FLT3 inhibitor,BRD-K42828737
KIT inhibitor,BRD-K42828737
PDGFR tyrosine kinase receptor inhibitor,BRD-K42828737
RET tyrosine kinase inhibitor,BRD-K42828737
VEGFR inhibitor,BRD-K42828737
mTOR inhibitor,BRD-K42898655
dopamine receptor antagonist,BRD-K42938903
acetylcholine receptor antagonist,BRD-K43106192
bile acid,BRD-K43164539
acetylcholine receptor antagonist,BRD-K43305603
serotonin receptor antagonist,BRD-K43383936
RNA synthesis inhibitor,BRD-K43389675
topoisomerase inhibitor,BRD-K43389675
carbonic anhydrase inhibitor,BRD-K43457670
calcium channel blocker,BRD-K43586850
sigma receptor agonist,BRD-K43786866
protease inhibitor,BRD-K43806473
antineoplastic agent,BRD-K43860855
glutamate receptor modulator,BRD-K43880410
adrenergic receptor antagonist,BRD-K43883465
dopamine receptor agonist,BRD-K43887077
bacterial cell wall synthesis inhibitor,BRD-K43966364
immune response stimulator,BRD-K43977121
adenosine receptor agonist,BRD-K44004064
antiseptic,BRD-K44091963
beta lactamase inhibitor,BRD-K44133266
selective estrogen receptor modulator (SERM),BRD-K44184170
Bcr-Abl kinase inhibitor,BRD-K44227013
FLT3 inhibitor,BRD-K44227013
PDGFR tyrosine kinase receptor inhibitor,BRD-K44227013
fungal squalene epoxidase inhibitor,BRD-K44273375
glucosidase inhibitor,BRD-K44276885
insulin secretagogue,BRD-K44353683
interferon receptor agonist,BRD-K44442813
interleukin receptor agonist,BRD-K44442813
glucosidase inhibitor,BRD-K44779798
anticonvulsant,BRD-K44824027
hedgehog pathway inhibitor,BRD-K44827188
smoothened receptor antagonist,BRD-K44827188
progesterone receptor agonist,BRD-K44932450
voltage-gated sodium channel modulator,BRD-K44942188
cholinergic receptor antagonist,BRD-K44942604
purinergic receptor antagonist,BRD-K44974079
adrenergic receptor agonist,BRD-K45014108
DNA polymerase inhibitor,BRD-K45033733
membrane integrity inhibitor,BRD-K45071273
bacterial antifolate,BRD-K45086103
fungal ergosterol inhibitor,BRD-K45107378
bacterial cell wall synthesis inhibitor,BRD-K45114938
mucus protecting agent,BRD-K45125084
angiotensin receptor antagonist,BRD-K45158365
bacterial permeability inducer,BRD-K45170529
PPAR receptor agonist,BRD-K45252063
gonadotropin releasing factor hormone receptor agonist,BRD-K45300898
bacterial cell wall synthesis inhibitor,BRD-K45319714
estrogen receptor agonist,BRD-K45330754
angiotensin receptor agonist,BRD-K45503887
lipoxygenase inhibitor,BRD-K45542189
glucocorticoid receptor agonist,BRD-K45664306
dopamine receptor antagonist,BRD-K45861246
bacterial DNA gyrase inhibitor,BRD-K45916615
phosphodiesterase inhibitor,BRD-K45924332
NFkB pathway inhibitor,BRD-K45995181
PPAR receptor agonist,BRD-K46018455
progesterone receptor agonist,BRD-K46061689
adrenergic receptor antagonist,BRD-K46211610
DNA polymerase inhibitor,BRD-K46435977
DNA polymerase inhibitor,BRD-K46493214
topical anesthetic,BRD-K46523383
mineralocorticoid receptor antagonist,BRD-K46556543
angiotensin converting enzyme inhibitor,BRD-K46654563
acetylcholine receptor antagonist,BRD-K46692793
acetylcholine receptor antagonist,BRD-K46731503
pregnane X receptor agonist,BRD-K46741531
serotonin receptor antagonist,BRD-K46742498
calcium channel activator,BRD-K46839850
mTOR inhibitor,BRD-K46843573
cytochrome P450 inhibitor,BRD-K46862739
selective serotonin reuptake inhibitor (SSRI),BRD-K46914825
cyclooxygenase inhibitor,BRD-K46937689
bacterial cell wall synthesis inhibitor,BRD-K46970505
monoamine oxidase inhibitor,BRD-K47029922
mucus protecting agent,BRD-K47031502
antioxidant,BRD-K47114202
nitric oxide stimulant,BRD-K47178855
apoptosis stimulant,BRD-K47190141
platelet aggregation inhibitor,BRD-K47192521
histamine receptor antagonist,BRD-K47278471
dopamine receptor antagonist,BRD-K47289124
vitamin D receptor agonist,BRD-K47318833
histamine receptor antagonist,BRD-K47323024
analgesic agent,BRD-K47407372
vitamin K antagonist,BRD-K47458712
cyclooxygenase inhibitor,BRD-K47492008
chelating agent,BRD-K47608922
mucolytic agent,BRD-K47631482
glucocorticoid receptor agonist,BRD-K47635719
acetylcholine receptor antagonist,BRD-K47639036
cyclooxygenase inhibitor,BRD-K47679368
DNA directed DNA polymerase inhibitor,BRD-K47780086
HIV protease inhibitor,BRD-K47827687
DNA synthesis inhibitor,BRD-K47832606
microtubule inhibitor,BRD-K47869605
tubulin polymerization inhibitor,BRD-K47869605
anthelmintic agent,BRD-K47878171
bacterial DNA gyrase inhibitor,BRD-K47886988
dopamine receptor agonist,BRD-K47936004
adrenergic receptor agonist,BRD-K47949423
acetylcholine receptor antagonist,BRD-K48061146
dipeptidyl peptidase inhibitor,BRD-K48068743
thyroid peroxidase inhibitor,BRD-K48168960
estrogen receptor agonist,BRD-K48195008
estrogenic hormone,BRD-K48195008
contrast agent,BRD-K48247567
hemozoin biocrystallization inhibitor,BRD-K48278478
T-type calcium channel blocker,BRD-K48300629
sodium channel blocker,BRD-K48300629
topoisomerase inhibitor,BRD-K48304345
xanthine oxidase inhibitor,BRD-K48367671
bacterial 30S ribosomal subunit inhibitor,BRD-K48427910
dopamine receptor antagonist,BRD-K48429278
serotonin receptor antagonist,BRD-K48429278
bacterial cell wall synthesis inhibitor,BRD-K48470486
nitric oxide donor,BRD-K48526231
adrenergic receptor agonist,BRD-K48578705
carbonic anhydrase inhibitor,BRD-K48617017
acetylcholine receptor antagonist,BRD-K48619321
adenosine reuptake inhibitor,BRD-K48722258
dopamine receptor antagonist,BRD-K48722833
serotonin receptor antagonist,BRD-K48722833
endothelin receptor antagonist,BRD-K48812570
NFkB pathway inhibitor,BRD-K48892307
prostanoid receptor antagonist,BRD-K48894757
other antibiotic,BRD-K48963429
estrogen receptor antagonist,BRD-K48970916
progesterone receptor agonist,BRD-K48970916
glutathione transferase stimulant,BRD-K49060658
FGFR inhibitor,BRD-K49075727
PDGFR tyrosine kinase receptor inhibitor,BRD-K49075727
VEGFR inhibitor,BRD-K49075727
protein synthesis inhibitor,BRD-K49076555
adrenergic receptor antagonist,BRD-K49111258
Bcr-Abl kinase inhibitor,BRD-K49328571
KIT inhibitor,BRD-K49328571
PDGFR tyrosine kinase receptor inhibitor,BRD-K49328571
SRC inhibitor,BRD-K49328571
ephrin inhibitor,BRD-K49328571
tyrosine kinase inhibitor,BRD-K49328571
PPAR receptor agonist,BRD-K49338325
purine antagonist,BRD-K49350383
cyclooxygenase inhibitor,BRD-K49372556
bacterial 30S ribosomal subunit inhibitor,BRD-K49384696
calcium channel blocker,BRD-K49404994
acetylcholinesterase inhibitor,BRD-K49481516
vitamin D receptor agonist,BRD-K49522529
cytochrome P450 inhibitor,BRD-K49577446
bacterial 50S ribosomal subunit inhibitor,BRD-K49668410
norepinephrine inhibitor,BRD-K49669424
serotonin receptor antagonist,BRD-K49671696
acetylcholine receptor agonist,BRD-K49783248
angiotensin converting enzyme inhibitor,BRD-K49807096
platelet aggregation inhibitor,BRD-K49840922
topoisomerase inhibitor,BRD-K49841478
bacterial cell wall synthesis inhibitor,BRD-K49880111
antioxidant,BRD-K49954789
beta glucuronidase inhibitor,BRD-K49962337
lipase clearing factor inhibitor,BRD-K50050533
androgen biosynthesis inhibitor,BRD-K50071428
cyclooxygenase inhibitor,BRD-K50133271
prostanoid receptor antagonist,BRD-K50133271
histamine receptor antagonist,BRD-K50163129
glucocorticoid receptor agonist,BRD-K50265942
progestogen hormone,BRD-K50276048
PPAR receptor agonist,BRD-K50388907
cyclooxygenase inhibitor,BRD-K50398167
prostanoid receptor antagonist,BRD-K50398167
RNA synthesis inhibitor,BRD-K50406511
GABA receptor antagonist,BRD-K50422030
GABA receptor modulator,BRD-K50422030
TRPV agonist,BRD-K50590187
acetylcholine receptor agonist,BRD-K50677762
glutamate receptor antagonist,BRD-K50720187
acetylcholine receptor antagonist,BRD-K50817623
progesterone receptor agonist,BRD-K50853363
bacterial antifolate,BRD-K50859149
serotonin receptor antagonist,BRD-K50866992
serotonin receptor agonist,BRD-K50938287
sodium channel blocker,BRD-K50938786
cytochrome P450 inhibitor,BRD-K51040301
estrogen receptor agonist,BRD-K51095933
dopamine receptor antagonist,BRD-K51143828
serotonin receptor antagonist,BRD-K51143828
sodium/glucose cotransporter inhibitor,BRD-K51247865
CDK inhibitor,BRD-K51313569
tubulin polymerization inhibitor,BRD-K51318897
estrogen receptor antagonist,BRD-K51350053
selective estrogen receptor modulator (SERM),BRD-K51350053
adrenergic receptor agonist,BRD-K51387999
acetylcholinesterase inhibitor,BRD-K51471001
antioxidant,BRD-K51474575
HIV protease inhibitor,BRD-K51485625
RET tyrosine kinase inhibitor,BRD-K51544265
VEGFR inhibitor,BRD-K51544265
selective serotonin reuptake inhibitor (SSRI),BRD-K51579475
dopamine receptor antagonist,BRD-K51671335
cytochrome P450 inhibitor,BRD-K51677086
protein synthesis inhibitor,BRD-K51677086
ribonucleotide reductase inhibitor,BRD-K51747290
DNA synthesis inhibitor,BRD-K51768138
angiotensin converting enzyme inhibitor,BRD-K51784806
cholinesterase inhibitor,BRD-K51805276
DNA synthesis inhibitor,BRD-K51807679
antioxidant,BRD-K51832961
histamine receptor antagonist,BRD-K51937257
DNA inhibitor,BRD-K52020312
lipase inhibitor,BRD-K52072429
fatty acid synthase inhibitor,BRD-K52075040
tubulin polymerization inhibitor,BRD-K52075715
bacterial cell wall synthesis inhibitor,BRD-K52117081
aromatase inhibitor,BRD-K52172416
membrane integrity inhibitor,BRD-K52256627
antiprotozoal agent,BRD-K52284881
dopamine receptor antagonist,BRD-K52397688
prostanoid receptor agonist,BRD-K52459643
insulin sensitizer,BRD-K52618540
histamine receptor agonist,BRD-K52662033
bacterial 50S ribosomal subunit inhibitor,BRD-K52756523
CFTR channel potentiator,BRD-K52818472
tachykinin antagonist,BRD-K52827117
insulin secretagogue,BRD-K52959329
ATP channel blocker,BRD-K52960356
serotonin transporter (SERT) inhibitor,BRD-K52989797
thromboxane synthase inhibitor,BRD-K53061490
sedative,BRD-K53220666
voltage-gated sodium channel blocker,BRD-K53236343
phosphodiesterase inhibitor,BRD-K53318339
sodium channel blocker,BRD-K53318339
estrogen receptor agonist,BRD-K53319039
CCR agonist,BRD-K53382462
interferon receptor agonist,BRD-K53382462
food preservative,BRD-K53397409
RNA synthesis inhibitor,BRD-K53484294
selective serotonin reuptake inhibitor (SSRI),BRD-K53517854
norepinephrine inhibitor,BRD-K53737926
norepinephrine reuptake inhibitor,BRD-K53737926
serotonin receptor antagonist,BRD-K53737926
serotonin–norepinephrine reuptake inhibitor (SNRI),BRD-K53737926
sodium/glucose cotransporter inhibitor,BRD-K53765467
glucocorticoid receptor agonist,BRD-K53790871
immunosuppressant,BRD-K53790871
sodium channel blocker,BRD-K53809807
rho associated kinase inhibitor,BRD-K53814070
dopamine receptor antagonist,BRD-K53857191
serotonin receptor antagonist,BRD-K53857191
serotonin receptor agonist,BRD-K53963539
serotonin receptor antagonist,BRD-K53963539
JAK inhibitor,BRD-K53972329
adrenergic receptor agonist,BRD-K54006094
dopamine receptor antagonist,BRD-K54094468
acetylcholinesterase inhibitor,BRD-K54208592
collagenase inhibitor,BRD-K54247840
melanin inhibitor,BRD-K54262262
serotonin receptor agonist,BRD-K54314721
acetylcholine receptor antagonist,BRD-K54316499
cyclooxygenase inhibitor,BRD-K54339150
antithyroid agent,BRD-K54416256
HIV integrase inhibitor,BRD-K54472332
cyclooxygenase inhibitor,BRD-K54496168
angiotensin converting enzyme inhibitor,BRD-K54529596
DNA synthesis inhibitor,BRD-K54634444
epoxide hydolase inhibitor,BRD-K54698528
norepinephrine reuptake inhibitor,BRD-K54759182
serotonin–norepinephrine reuptake inhibitor (SNRI),BRD-K54759182
tricyclic antidepressant,BRD-K54759182
guanylyl cyclase inhibitor,BRD-K54770538
nitric oxide production inhibitor,BRD-K54770538
cyclooxygenase inhibitor,BRD-K54770957
DNA synthesis inhibitor,BRD-K54790157
mucolytic agent,BRD-K54838207
estrogen receptor agonist,BRD-K54847683
bacterial DNA gyrase inhibitor,BRD-K55034111
penicillin binding protein inhibitor,BRD-K55044200
GABA receptor modulator,BRD-K55055802
dopamine receptor antagonist,BRD-K55127134
bacterial 30S ribosomal subunit inhibitor,BRD-K55188888
penicillin binding protein inhibitor,BRD-K55191674
dihydropteroate synthase inhibitor,BRD-K55250441
bacterial permeability inducer,BRD-K55375480
dopamine receptor antagonist,BRD-K55468218
topoisomerase inhibitor,BRD-K55696337
adrenergic receptor antagonist,BRD-K55705469
immunosuppressant,BRD-K55847762
nitric oxide stimulant,BRD-K55853390
hydantoin antiepileptic,BRD-K55930204
histamine receptor antagonist,BRD-K55991142
bacterial cell wall synthesis inhibitor,BRD-K56104152
oxytocin receptor agonist,BRD-K56107812
vitamin analog,BRD-K56155962
DNA synthesis inhibitor,BRD-K56156805
RAF inhibitor,BRD-K56343971
vitamin D receptor agonist,BRD-K56429665
glucocorticoid receptor agonist,BRD-K56515112
bacterial cell wall synthesis inhibitor,BRD-K56542719
sodium channel blocker,BRD-K56558538
cholinesterase inhibitor,BRD-K56575995
GK0582 inhibitor,BRD-K56614220
dopamine receptor agonist,BRD-K56699285
serotonin receptor antagonist,BRD-K56699285
other antibiotic,BRD-K56735750
alcohol dehydrogenase inhibitor,BRD-K56810756
androgen receptor antagonist,BRD-K56851771
local anesthetic,BRD-K56940463
histamine receptor antagonist,BRD-K57033106
thrombin inhibitor,BRD-K57041787
antipruritic,BRD-K57179821
cyclooxygenase inhibitor,BRD-K57222227
antiviral,BRD-K57291914
antioxidant,BRD-K57305459
contrast agent,BRD-K57365211
RNA polymerase inhibitor,BRD-K57371763
dopamine receptor antagonist,BRD-K57432881
angiotensin converting enzyme inhibitor,BRD-K57545991
phosphodiesterase inhibitor,BRD-K57569181
oxidizing agent,BRD-K57631554
GABA receptor antagonist,BRD-K57718010
dopamine receptor antagonist,BRD-K57764956
cyclooxygenase inhibitor,BRD-K57853941
glucocorticoid receptor agonist,BRD-K57886322
serotonin reuptake inhibitor,BRD-K58010567
foxm1 inhibitor,BRD-K58049875
protein synthesis inhibitor,BRD-K58049875
monoamine oxidase inhibitor,BRD-K58114536
anti-inflammatory agent,BRD-K58148589
sodium/glucose cotransporter inhibitor,BRD-K58160573
mucolytic agent,BRD-K58262380
thymidylate synthase inhibitor,BRD-K58262659
diuretic,BRD-K58265391
bone resorption inhibitor,BRD-K58513245
fatty acid synthase inhibitor,BRD-K58736316
corticosteroid agonist,BRD-K58810291
lipase inhibitor,BRD-K59037100
lactamase inhibitor,BRD-K59045783
mucolytic agent,BRD-K59058747
HIV protease inhibitor,BRD-K59110290
cyclooxygenase inhibitor,BRD-K59197931
serine protease inhibitor,BRD-K59256312
adenosine reuptake inhibitor,BRD-K59273480
phosphodiesterase inhibitor,BRD-K59273480
bacterial 50S ribosomal subunit inhibitor,BRD-K59436580
dihydrofolate reductase inhibitor,BRD-K59456551
leukotriene synthesis inhibitor,BRD-K59574735
sodium channel blocker,BRD-K59632282
DNA alkylating agent,BRD-K59670716
DNA synthesis inhibitor,BRD-K59670716
somatostatin receptor agonist,BRD-K59715032
tubulin polymerization inhibitor,BRD-K59753975
breast cancer resistance protein inhibitor,BRD-K59866480
cholinergic receptor antagonist,BRD-K59895502
bacterial antifolate,BRD-K59983611
oxidizing agent,BRD-K59986511
other antibiotic,BRD-K60025295
angiotensin receptor antagonist,BRD-K60038276
antispasmodic,BRD-K60102752
GABA uptake inhibitor,BRD-K60160658
bone resorption inhibitor,BRD-K60212747
NAD precursor,BRD-K60237333
vitamin B,BRD-K60237333
carbamoyl phosphate synthase activator,BRD-K60240222
lymphocyte function-associated antigen negative modulator,BRD-K60265345
antiviral,BRD-K60369935
nitric oxide synthase stimulant,BRD-K60379054
Bruton's tyrosine kinase (BTK) inhibitor,BRD-K60421517
EGFR inhibitor,BRD-K60421517
fungal lanosterol demethylase inhibitor,BRD-K60443845
HMGCR inhibitor,BRD-K60511616
acetylcholinesterase inhibitor,BRD-K60567437
vitamin D receptor agonist,BRD-K60585088
glucocorticoid receptor agonist,BRD-K60640630
bacterial cell wall synthesis inhibitor,BRD-K60663764
tricyclic antidepressant,BRD-K60762818
dopamine receptor agonist,BRD-K60770992
PI3K inhibitor,BRD-K60866521
acetylcholine receptor antagonist,BRD-K60907894
DNA synthesis inhibitor,BRD-K61192372
thymidylate synthase inhibitor,BRD-K61192372
nitric oxide donor,BRD-K61230716
thyroid hormone stimulant,BRD-K61236135
sodium channel blocker,BRD-K61237927
opioid receptor agonist,BRD-K61250553
serotonin receptor agonist,BRD-K61337602
HDAC inhibitor,BRD-K61397605
ATPase inhibitor,BRD-K61443506
other antibiotic,BRD-K61443650
nucleoside reverse transcriptase inhibitor,BRD-K61452026
glucocorticoid receptor agonist,BRD-K61496577
topoisomerase inhibitor,BRD-K61717546
nucleoside reverse transcriptase inhibitor,BRD-K61868322
omega 3 fatty acid stimulant,BRD-K61937613
chloride channel antagonist,BRD-K61988078
tubulin polymerization inhibitor,BRD-K62008436
retinoid receptor agonist,BRD-K62012036
protein tyrosine kinase inhibitor,BRD-K62040061
prostaglandin inhibitor,BRD-K62050508
phosphodiesterase inhibitor,BRD-K62200014
antimalarial agent,BRD-K62213621
corticotropin releasing factor receptor antagonist,BRD-K62264492
glutamate receptor agonist,BRD-K62309135
glucocorticoid receptor agonist,BRD-K62310379
anticestodal agent,BRD-K62326629
bacterial antifolate,BRD-K62363391
bacterial DNA gyrase inhibitor,BRD-K62374253
BCL inhibitor,BRD-K62391742
bacterial cell wall synthesis inhibitor,BRD-K62607865
adrenergic inhibitor,BRD-K62676709
gonadotropin releasing factor hormone receptor agonist,BRD-K62685538
farnesyltransferase inhibitor,BRD-K62734952
adrenergic receptor agonist,BRD-K62736196
calcium channel blocker,BRD-K62737565
acetylcholine receptor antagonist,BRD-K62782754
calcium channel blocker,BRD-K62858456
melatonin receptor agonist,BRD-K62971431
calcium channel blocker,BRD-K62996583
bacterial DNA gyrase inhibitor,BRD-K63001556
adrenergic receptor agonist,BRD-K63126190
carbonic anhydrase activator,BRD-K63126190
neurotransmitter,BRD-K63126190
bacterial cell wall synthesis inhibitor,BRD-K63242551
lipase inhibitor,BRD-K63343048
DNA synthesis inhibitor,BRD-K63430059
NFkB pathway inhibitor,BRD-K63550407
sodium/potassium/chloride transporter inhibitor,BRD-K63630713
ATPase inhibitor,BRD-K63668566
dopamine receptor antagonist,BRD-K63675182
radical formation stimulant,BRD-K63712959
cholesterol inhibitor,BRD-K63736853
dehydrogenase inhibitor,BRD-K63750851
inositol monophosphatase inhibitor,BRD-K63750851
bradykinin receptor antagonist,BRD-K63772874
estrogen receptor agonist,BRD-K63794707
endothelin receptor antagonist,BRD-K63806092
estrogen receptor antagonist,BRD-K63828191
selective estrogen receptor modulator (SERM),BRD-K63828191
bacterial cell wall synthesis inhibitor,BRD-K63835048
guanylate cyclase stimulant,BRD-K63861289
EGFR inhibitor,BRD-K64052750
prostacyclin analog,BRD-K64054020
microtubule inhibitor,BRD-K64120610
progesterone receptor antagonist,BRD-K64381438
antiprotozoal agent,BRD-K64514229
dopamine receptor antagonist,BRD-K64557645
serotonin receptor antagonist,BRD-K64557645
dihydropteroate synthetase inhibitor,BRD-K64659768
histamine receptor antagonist,BRD-K64716392
glucocorticoid receptor agonist,BRD-K64862097
plasminogen activator inhibitor,BRD-K64931368
selective serotonin reuptake inhibitor (SSRI),BRD-K64973364
estrogen receptor agonist,BRD-K64984393
acetylcholine receptor antagonist,BRD-K64990126
progesterone receptor agonist,BRD-K64994968
prostaglandin inhibitor,BRD-K65059905
cyclooxygenase inhibitor,BRD-K65146499
angiotensin converting enzyme inhibitor,BRD-K65518078
cell division inducer,BRD-K65667145
nootropic agent,BRD-K65716359
phosphodiesterase inhibitor,BRD-K65781196
antiarrhythmic,BRD-K65866076
glucocorticoid receptor agonist,BRD-K65877271
serotonin receptor agonist,BRD-K65904673
nitric oxide synthase inhibitor,BRD-K65978409
AGE inhibitor,BRD-K65992024
mucolytic agent,BRD-K66035042
EGFR inhibitor,BRD-K66175015
acetylcholine receptor antagonist,BRD-K66206289
HMGCR inhibitor,BRD-K66296774
opioid receptor agonist,BRD-K66404838
opioid receptor antagonist,BRD-K66404838
topoisomerase inhibitor,BRD-K66412701
bacterial DNA gyrase inhibitor,BRD-K66615216
estrogen receptor agonist,BRD-K66766661
ribonucleotide reductase inhibitor,BRD-K66788707
chelating agent,BRD-K66808046
glucosidase inhibitor,BRD-K66850609
bacterial 50S ribosomal subunit inhibitor,BRD-K66876909
benzodiazepine receptor agonist,BRD-K66896751
histamine receptor antagonist,BRD-K66937583
phosphodiesterase inhibitor,BRD-K67017579
DNA synthesis inhibitor,BRD-K67043667
phosphodiesterase inhibitor,BRD-K67080878
bacterial cell wall synthesis inhibitor,BRD-K67100011
HDAC inhibitor,BRD-K67102207
coagulation factor inhibitor,BRD-K67121414
cholinesterase inhibitor,BRD-K67217586
radiopaque medium,BRD-K67261995
thromboxane receptor antagonist,BRD-K67277431
thromboxane synthase inhibitor,BRD-K67277431
PARG inhibitor,BRD-K67392463
HIV integrase inhibitor,BRD-K67463151
opioid receptor antagonist,BRD-K67511046
cyclooxygenase inhibitor,BRD-K67563174
serotonin receptor agonist,BRD-K67601717
histamine receptor antagonist,BRD-K67637637
dopamine receptor antagonist,BRD-K67783091
dopamine receptor agonist,BRD-K67943528
angiotensin converting enzyme inhibitor,BRD-K67966701
angiotensin receptor antagonist,BRD-K67977190
adrenergic receptor antagonist,BRD-K68075732
cannabinoid receptor agonist,BRD-K68095457
fungal squalene epoxidase inhibitor,BRD-K68132782
bacterial DNA inhibitor,BRD-K68188368
benzodiazepine receptor agonist,BRD-K68232413
adrenergic receptor agonist,BRD-K68264559
topoisomerase inhibitor,BRD-K68346641
PABA antagonist,BRD-K68379918
glutamate receptor antagonist,BRD-K68405354
opioid receptor antagonist,BRD-K68407436
bacterial cell wall synthesis inhibitor,BRD-K68432770
acetylcholine receptor antagonist,BRD-K68507560
prostanoid receptor antagonist,BRD-K68538666
antihypertensive agent,BRD-K68553471
cyclooxygenase inhibitor,BRD-K68558722
progesterone receptor agonist,BRD-K68620903
adrenergic receptor agonist,BRD-K68693535
coenzyme A precursor,BRD-K68764924
electrolyte reabsorption inhibitor,BRD-K68770713
acetylcholine receptor antagonist,BRD-K68804560
protein synthesis inhibitor,BRD-K68822425
platelet aggregation inhibitor,BRD-K68830460
dopamine receptor antagonist,BRD-K68867920
serotonin receptor antagonist,BRD-K68867920
dopamine receptor antagonist,BRD-K69116396
serotonin receptor antagonist,BRD-K69116396
interleukin inhibitor,BRD-K69122748
DNA alkylating agent,BRD-K69172251
DNA synthesis inhibitor,BRD-K69172251
CFTR channel agonist,BRD-K69236721
acetylcholine receptor antagonist,BRD-K69247067
synthetic estrogen,BRD-K69253806
tubulin polymerization inhibitor,BRD-K69280563
acetylcholine receptor antagonist,BRD-K69469734
leukotriene receptor antagonist,BRD-K69470111
dopamine receptor antagonist,BRD-K69600043
calcineurin inhibitor,BRD-K69608737
topoisomerase inhibitor,BRD-K69650333
cholinesterase inhibitor,BRD-K69688083
HMGCR inhibitor,BRD-K69726342
cyclooxygenase inhibitor,BRD-K69907333
vitamin B,BRD-K70246307
progesterone receptor agonist,BRD-K70264088
Bruton's tyrosine kinase (BTK) inhibitor,BRD-K70301465
selective serotonin reuptake inhibitor (SSRI),BRD-K70301876
DNA synthesis inhibitor,BRD-K70327167
glutamate receptor antagonist,BRD-K70330367
serotonin receptor agonist,BRD-K70358946
serotonin receptor antagonist,BRD-K70358946
EGFR inhibitor,BRD-K70401845
dopamine receptor antagonist,BRD-K70487031
VEGFR inhibitor,BRD-K70504253
histamine receptor antagonist,BRD-K70505054
adenosine receptor antagonist,BRD-K70507123
RNA polymerase inhibitor,BRD-K70578146
vitamin K antagonist,BRD-K70592963
adrenergic receptor antagonist,BRD-K70778732
serotonin receptor antagonist,BRD-K70778732
serotonin reuptake inhibitor,BRD-K70778732
cyclooxygenase inhibitor,BRD-K70924353
bacterial cell wall synthesis inhibitor,BRD-K70976396
bacterial 30S ribosomal subunit inhibitor,BRD-K71013094
bacterial cell wall synthesis inhibitor,BRD-K71026158
KIT inhibitor,BRD-K71035033
PDGFR tyrosine kinase receptor inhibitor,BRD-K71035033
SRC inhibitor,BRD-K71035033
hemostatic agent,BRD-K71055333
sterol demethylase inhibitor,BRD-K71058253
bacterial cell wall synthesis inhibitor,BRD-K71059170
ganglionic blocker,BRD-K71075093
carbonic anhydrase inhibitor,BRD-K71075609
norepinephrine reuptake inhibitor,BRD-K71103788
serotonin–norepinephrine reuptake inhibitor (SNRI),BRD-K71103788
ribonucleotide reductase inhibitor,BRD-K71106091
dihydropteroate synthetase inhibitor,BRD-K71125014
acetylcholine receptor antagonist,BRD-K71125570
vitamin K antagonist,BRD-K71133585
leukotriene receptor antagonist,BRD-K71289571
acetylcholine receptor agonist,BRD-K71454870
glucocorticoid receptor agonist,BRD-K71487404
carbonic anhydrase inhibitor,BRD-K71499074
cyclooxygenase inhibitor,BRD-K71696703
platelet aggregation inhibitor,BRD-K71696703
thromboxane synthase inhibitor,BRD-K71696703
protein synthesis inhibitor,BRD-K71772032
carboxamide antiepileptic,BRD-K71799949
glutamate receptor agonist,BRD-K71822263
retinoid receptor agonist,BRD-K71879491
retinoid receptor ligand,BRD-K71879491
bacterial DNA gyrase inhibitor,BRD-K71926323
atherogenesis inhibitor,BRD-K72029282
antiviral,BRD-K72093121
serotonin receptor agonist,BRD-K72166146
bacterial cell wall synthesis inhibitor,BRD-K72167406
5 alpha reductase inhibitor,BRD-K72215350
angiotensin converting enzyme inhibitor,BRD-K72222507
sodium channel blocker,BRD-K72259270
bacterial cell wall synthesis inhibitor,BRD-K72339976
topoisomerase inhibitor,BRD-K72533376
bone resorption inhibitor,BRD-K72542090
sodium channel blocker,BRD-K72723676
bacterial DNA inhibitor,BRD-K72728560
nucleoside reverse transcriptase inhibitor,BRD-K72903603
HCV inhibitor,BRD-K72912098
analgesic agent,BRD-K72915123
nitric oxide donor,BRD-K72922393
other antifungal,BRD-K72925150
DNA inhibitor,BRD-K72951360
topoisomerase inhibitor,BRD-K72951360
glucocorticoid receptor agonist,BRD-K72992801
adrenergic receptor agonist,BRD-K73027814
vasopressin receptor agonist,BRD-K73028949
acetylcholine receptor agonist,BRD-K73107279
potassium channel activator,BRD-K73109821
adrenergic receptor antagonist,BRD-K73196317
vitamin D receptor agonist,BRD-K73237276
adrenergic receptor agonist,BRD-K73381542
local anesthetic,BRD-K73391359
bacterial 30S ribosomal subunit inhibitor,BRD-K73425385
vasopressin receptor agonist,BRD-K73451719
DNA inhibitor,BRD-K73469236
thrombin inhibitor,BRD-K73504359
antioxidant,BRD-K73529671
cyclooxygenase inhibitor,BRD-K73541271
histamine receptor antagonist,BRD-K73589491
dopamine receptor antagonist,BRD-K73642618
bacterial cell wall synthesis inhibitor,BRD-K73701464
calcium channel activator,BRD-K73838513
cytochrome P450 inhibitor,BRD-K73881242
bacterial DNA gyrase inhibitor,BRD-K73923631
reducing agent,BRD-K73947551
angiotensin receptor antagonist,BRD-K73999723
enzyme inducer,BRD-K74057164
heme oxygenase activators,BRD-K74057164
HIV protease inhibitor,BRD-K74117820
fungal squalene epoxidase inhibitor,BRD-K74141488
acetylcholine receptor agonist,BRD-K74186897
phosphodiesterase inhibitor,BRD-K74190368
phosphodiesterase inhibitor,BRD-K74195153
mediator release inhibitor,BRD-K74236708
adrenergic receptor antagonist,BRD-K74339692
acetylcholine receptor antagonist,BRD-K74363950
bacterial 50S ribosomal subunit inhibitor,BRD-K74501079
KIT inhibitor,BRD-K74514084
PDGFR tyrosine kinase receptor inhibitor,BRD-K74514084
VEGFR inhibitor,BRD-K74514084
non-nucleoside reverse transcriptase inhibitor,BRD-K74717603
protein synthesis inhibitor,BRD-K74759733
endothelin receptor antagonist,BRD-K74763371
carbonic anhydrase inhibitor,BRD-K74913225
uric acid diuretic,BRD-K75024268
cholinergic receptor agonist,BRD-K75037734
sodium channel blocker,BRD-K75089421
estrogen receptor agonist,BRD-K75097983
sodium channel blocker,BRD-K75250001
dopamine reuptake inhibitor,BRD-K75385383
serotonin reuptake inhibitor,BRD-K75385383
sodium channel blocker,BRD-K75466013
bone resorption inhibitor,BRD-K75527158
adrenergic receptor agonist,BRD-K75615183
dopamine receptor agonist,BRD-K75615183
dopamine receptor antagonist,BRD-K75641298
serotonin receptor antagonist,BRD-K75641298
serotonin receptor agonist,BRD-K75699339
antiseptic,BRD-K75855670
bone resorption inhibitor,BRD-K75864342
radiopaque medium,BRD-K75868704
serotonin receptor antagonist,BRD-K75958195
HMGCR inhibitor,BRD-K75958547
melanocortin receptor agonist,BRD-K75989555
neuraminidase inhibitor,BRD-K76011241
muscle relaxant,BRD-K76021681
dopamine receptor agonist,BRD-K76022557
HSP inhibitor,BRD-K76037122
angiotensin receptor antagonist,BRD-K76205745
local anesthetic,BRD-K76304753
gonadotropin releasing factor hormone receptor antagonist,BRD-K76315403
cytochrome P450 inhibitor,BRD-K76452401
bacterial DNA gyrase inhibitor,BRD-K76534306
neurokinin receptor antagonist,BRD-K76594255
anxiolytic,BRD-K76606751
acetylcholine receptor antagonist,BRD-K76609936
rho associated kinase inhibitor,BRD-K76617868
DNA directed DNA polymerase inhibitor,BRD-K76634210
DNA synthesis inhibitor,BRD-K76634210
protein synthesis inhibitor,BRD-K76674262
leucyl-tRNA synthetase inhibitor,BRD-K76713213
retinoid receptor agonist,BRD-K76723084
cyclooxygenase inhibitor,BRD-K76775527
adrenergic receptor antagonist,BRD-K76810206
nitric oxide precursor,BRD-K76811153
cyclooxygenase inhibitor,BRD-K76812510
opioid receptor agonist,BRD-K76812510
retinoid receptor agonist,BRD-K76841105
DNA inhibitor,BRD-K76927775
adrenergic receptor antagonist,BRD-K76953762
topoisomerase inhibitor,BRD-K77038618
bacterial cell wall synthesis inhibitor,BRD-K77073709
vitamin D receptor agonist,BRD-K77175907
adrenergic receptor antagonist,BRD-K77224738
laxative,BRD-K77258318
adrenergic receptor antagonist,BRD-K77474816
DNA polymerase inhibitor,BRD-K77484724
acetylcholine receptor antagonist,BRD-K77552740
glucocorticoid receptor agonist,BRD-K77554836
xanthine oxidase inhibitor,BRD-K77561571
acetylcholine receptor antagonist,BRD-K77564118
adrenergic receptor agonist,BRD-K77597856
EGFR inhibitor,BRD-K77625799
RET tyrosine kinase inhibitor,BRD-K77625799
VEGFR inhibitor,BRD-K77625799
adrenergic receptor agonist,BRD-K77641333
PKC inhibitor,BRD-K77685957
angiogenesis inhibitor,BRD-K77695569
imidazoline receptor agonist,BRD-K77771411
histamine receptor antagonist,BRD-K77821588
dopamine receptor antagonist,BRD-K77947974
tubulin polymerization inhibitor,BRD-K77987382
diuretic,BRD-K78010432
topoisomerase inhibitor,BRD-K78113049
mitochondrial DNA polymerase inhibitor,BRD-K78126613
phosphatase inhibitor,BRD-K78126613
methyltransferase stimulant,BRD-K78185697
phosphodiesterase inhibitor,BRD-K78185697
other antifungal,BRD-K78321730
bacterial 30S ribosomal subunit inhibitor,BRD-K78355918
bacterial cell wall synthesis inhibitor,BRD-K78364995
ALK tyrosine kinase receptor inhibitor,BRD-K78431006
angiotensin receptor antagonist,BRD-K78485176
glucokinase inhibitor,BRD-K78513633
dopamine receptor antagonist,BRD-K78643075
proteasome inhibitor,BRD-K78659596
adrenergic receptor agonist,BRD-K78666826
PDGFR tyrosine kinase receptor inhibitor,BRD-K78692225
dihydroorotate dehydrogenase inhibitor,BRD-K78692225
aromatic L-amino acid decarboxylase inhibitor,BRD-K78712176
calcium channel blocker,BRD-K78781788
CCK receptor agonist,BRD-K78789465
cyclooxygenase inhibitor,BRD-K78815826
DNA inhibitor,BRD-K78960041
bacterial DNA inhibitor,BRD-K79092138
sodium channel blocker,BRD-K79116891
radiopaque medium,BRD-K79124250
tubulin polymerization inhibitor,BRD-K79131256
bacterial DNA inhibitor,BRD-K79145628
DNA methyltransferase inhibitor,BRD-K79254416
gamma butyrobetaine hydroxylase inhibitor,BRD-K79392608
dopamine receptor antagonist,BRD-K79425933
methyltransferase inhibitor,BRD-K79437791
histamine receptor modulator,BRD-K79501723
insulin sensitizer,BRD-K79602928
neurotrophic agent,BRD-K79612754
bacterial 50S ribosomal subunit inhibitor,BRD-K79711234
phosphodiesterase inhibitor,BRD-K79759585
antacid,BRD-K80043866
cyclooxygenase inhibitor,BRD-K80076813
potassium channel blocker,BRD-K80262108
cyclooxygenase inhibitor,BRD-K80267133
cytochrome P450 inhibitor,BRD-K80353138
sulfonylurea,BRD-K80396088
adrenergic neuron blocker,BRD-K80419150
antacid,BRD-K80528473
protein phosphatase inhibitor,BRD-K80684056
SIRT activator,BRD-K80738081
cytochrome P450 inhibitor,BRD-K80738081
contrast agent,BRD-K80762071
psychoactive drug,BRD-K80859331
angiotensin receptor antagonist,BRD-K81074237
local anesthetic,BRD-K81092066
bacterial cell wall synthesis inhibitor,BRD-K81101512
acetylcholinesterase inhibitor,BRD-K81128206
analgesic agent,BRD-K81130846
adrenergic receptor antagonist,BRD-K81144366
calcium channel blocker,BRD-K81272440
prostaglandin synthesis inhibitor,BRD-K81326768
HDAC inhibitor,BRD-K81418486
bacterial 30S ribosomal subunit inhibitor,BRD-K81447180
acetylcholinesterase inhibitor,BRD-K81473089
Abl kinase inhibitor,BRD-K81528515
Bcr-Abl kinase inhibitor,BRD-K81528515
mineralocorticoid receptor antagonist,BRD-K81644801
prostacyclin analog,BRD-K81672972
glucocorticoid receptor agonist,BRD-K81709173
estrogen receptor agonist,BRD-K81839095
estrogenic hormone,BRD-K81839095
photosensitizing agent,BRD-K81849500
histamine receptor antagonist,BRD-K81855038
microtubule inhibitor,BRD-K81916719
analgesic agent,BRD-K81993098
selective serotonin reuptake inhibitor (SSRI),BRD-K82036761
myeloperoxidase inhibitor,BRD-K82103381
vasodilator,BRD-K82103381
acetylcholine receptor agonist,BRD-K82118441
nicotinic receptor agonist,BRD-K82118441
cyclooxygenase inhibitor,BRD-K82122102
panipenem uptake inhibitor,BRD-K82142815
other antifungal,BRD-K82143716
norepinephrine reuptake inhibitor,BRD-K82147103
serotonin–norepinephrine reuptake inhibitor (SNRI),BRD-K82147103
progesterone receptor agonist,BRD-K82216340
nitric oxide stimulant,BRD-K82225283
NADPH inhibitor,BRD-K82236179
bacterial 30S ribosomal subunit inhibitor,BRD-K82240271
bacterial 50S ribosomal subunit inhibitor,BRD-K82240271
benzodiazepine receptor agonist,BRD-K82255054
adrenergic receptor agonist,BRD-K82343404
histamine receptor antagonist,BRD-K82357231
acetylcholine receptor agonist,BRD-K82381502
cyclooxygenase inhibitor,BRD-K82562631
PKC inhibitor,BRD-K82603084
neurotransmitter agonist,BRD-K82677201
adrenergic receptor antagonist,BRD-K82687598
histamine receptor antagonist,BRD-K82795137
insulin secretagogue,BRD-K82846253
HCV inhibitor,BRD-K82861010
vitamin D receptor agonist,BRD-K82928892
HMGCR inhibitor,BRD-K82941592
bacterial cell wall synthesis inhibitor,BRD-K82960980
phosphodiesterase inhibitor,BRD-K82967685
dipeptidyl peptidase inhibitor,BRD-K83003151
adenosine receptor antagonist,BRD-K83064458
angiotensin receptor antagonist,BRD-K83144676
bone formation stimulant,BRD-K83146339
bone resorption inhibitor,BRD-K83146339
sodium channel blocker,BRD-K83245588
histamine receptor antagonist,BRD-K83257731
serotonin receptor inverse agonist,BRD-K83405785
thrombin inhibitor,BRD-K83486494
anti-inflammatory agent,BRD-K83502127
cytokine production inhibitor,BRD-K83502127
antitussive,BRD-K83551379
monoamine oxidase inhibitor,BRD-K83597974
catechol O methyltransferase inhibitor,BRD-K83636919
tyrosine hydroxylase inhibitor,BRD-K83766205
serotonin receptor partial agonist,BRD-K83776863
retinoid receptor agonist,BRD-K83794243
topoisomerase inhibitor,BRD-K83794624
ion channel antagonist,BRD-K84011460
angiotensin receptor antagonist,BRD-K84091759
cyclooxygenase inhibitor,BRD-K84173274
bone resorption inhibitor,BRD-K84253429
acetylcholinesterase inhibitor,BRD-K84281997
anti-inflammatory agent,BRD-K84313779
carnitine palmitoyltransferase inhibitor,BRD-K84366268
DNA synthesis inhibitor,BRD-K84466663
T cell inhibitor,BRD-K84466663
insulin secretagogue,BRD-K84658672
melatonin receptor agonist,BRD-K84698278
serotonin receptor antagonist,BRD-K84698278
guanylate cyclase stimulant,BRD-K84783599
folic acid antagonist,BRD-K84810336
mTOR inhibitor,BRD-K84937637
calcium channel blocker,BRD-K84971356
HIV protease inhibitor,BRD-K84986517
serotonin receptor antagonist,BRD-K85046107
acetylcholine receptor agonist,BRD-K85090592
ATP channel blocker,BRD-K85119730
DNA polymerase inhibitor,BRD-K85146014
bacterial DNA gyrase inhibitor,BRD-K85307935
cyclooxygenase inhibitor,BRD-K85333151
acetylcholine receptor antagonist,BRD-K85337334
dopamine receptor antagonist,BRD-K85503079
serotonin receptor antagonist,BRD-K85503079
dehydropeptidase inhibitor,BRD-K85518562
benzodiazepine receptor agonist,BRD-K85554912
antiseptic,BRD-K85603128
aldose reductase inhibitor,BRD-K85693895
bacterial DNA inhibitor,BRD-K85757157
adenosine receptor agonist,BRD-K85767870
beta lactamase inhibitor,BRD-K85882401
glucocorticoid receptor agonist,BRD-K85883481
nucleoside reverse transcriptase inhibitor,BRD-K85925969
tubulin polymerization inhibitor,BRD-K86003836
glucocorticoid receptor agonist,BRD-K86161929
sterol demethylase inhibitor,BRD-K86204871
phosphodiesterase inhibitor,BRD-K86301799
xanthine oxidase inhibitor,BRD-K86307448
dopamine reuptake inhibitor,BRD-K86358349
serotonin reuptake inhibitor,BRD-K86358349
glycosyl transferase inhibitor,BRD-K86410485
monoamine oxidase inhibitor,BRD-K86434416
adrenergic receptor antagonist,BRD-K86436199
sodium channel blocker,BRD-K86864073
bacterial cell wall synthesis inhibitor,BRD-K86873305
dopamine receptor agonist,BRD-K86882815
potassium channel blocker,BRD-K86887724
DNA directed DNA polymerase inhibitor,BRD-K86892782
monoamine oxidase inhibitor,BRD-K87024524
antithyroid agent,BRD-K87156652
FABI inhibitor,BRD-K87202646
bacterial cell wall synthesis inhibitor,BRD-K87226815
benzodiazepine receptor ligand,BRD-K87349602
adrenergic receptor agonist,BRD-K87349682
dihydrofolate reductase inhibitor,BRD-K87492696
topoisomerase inhibitor,BRD-K87595680
adenosine receptor antagonist,BRD-K87774949
DNA alkylating agent,BRD-K87827419
DNA inhibitor,BRD-K87827419
glucocorticoid receptor agonist,BRD-K87990216
immunosuppressant,BRD-K88025533
sphingosine 1-phosphate receptor agonist,BRD-K88025533
bacterial 30S ribosomal subunit inhibitor,BRD-K88043978
hydroxy radical formation stimulant,BRD-K88052444
immunosuppressant,BRD-K88061624
inosine monophosphate dehydrogenase inhibitor,BRD-K88061624
antihistamine,BRD-K88090157
GABA receptor modulator,BRD-K88143662
opioid receptor antagonist,BRD-K88172511
analgesic agent,BRD-K88308881
3-ketoacyl CoA thiolase inhibitor,BRD-K88366685
antihistamine,BRD-K88405679
dihydrofolate reductase inhibitor,BRD-K88429204
NFkB pathway inhibitor,BRD-K88510285
proteasome inhibitor,BRD-K88510285
monoamine oxidase inhibitor,BRD-K88568253
glutamate receptor agonist,BRD-K88611939
membrane integrity inhibitor,BRD-K88625236
diuretic,BRD-K88682005
chelating agent,BRD-K88701661
serotonin receptor partial agonist,BRD-K88743730
antiviral,BRD-K88786763
aromatase inhibitor,BRD-K88789588
muscle relaxant,BRD-K89055274
ryanodine receptor activator,BRD-K89056082
protein synthesis inhibitor,BRD-K89121095
antiprotozoal agent,BRD-K89125793
thyroid hormone stimulant,BRD-K89152108
adrenergic receptor agonist,BRD-K89208535
vitamin B,BRD-K89210380
bradykinin receptor antagonist,BRD-K89237706
tubulin polymerization inhibitor,BRD-K89237706
opioid receptor agonist,BRD-K89272869
bone resorption inhibitor,BRD-K89337853
angiotensin converting enzyme inhibitor,BRD-K89348303
acetylcholine receptor antagonist,BRD-K89375097
topoisomerase inhibitor,BRD-K89561498
adrenergic receptor antagonist,BRD-K89704198
cyclooxygenase inhibitor,BRD-K89714990
lipoxygenase inhibitor,BRD-K89714990
dopamine receptor antagonist,BRD-K89732114
HCV inhibitor,BRD-K89920762
acetylcholine receptor antagonist,BRD-K89923877
dopamine receptor antagonist,BRD-K89997465
thiamine uptake blocker,BRD-K90027121
mineralocorticoid receptor antagonist,BRD-K90027355
selective estrogen receptor modulator (SERM),BRD-K90195324
adrenergic receptor antagonist,BRD-K90333595
other antibiotic,BRD-K90374350
fungal ergosterol inhibitor,BRD-K90563805
anti-inflammatory agent,BRD-K90629600
cyclooxygenase inhibitor,BRD-K90629600
fungal squalene epoxidase inhibitor,BRD-K90630139
bacterial cell wall synthesis inhibitor,BRD-K90733503
adrenergic inhibitor,BRD-K90789829
norepinephrine reuptake inhibitor,BRD-K90789829
serotonin receptor antagonist,BRD-K90789829
serotonin reuptake inhibitor,BRD-K90789829
ATPase inhibitor,BRD-K90817094
sodium/glucose cotransporter inhibitor,BRD-K90868879
acetylcholine receptor antagonist,BRD-K90885812
DNA alkylating agent,BRD-K90947825
DNA inhibitor,BRD-K90947825
bacterial cell wall synthesis inhibitor,BRD-K91065602
dopamine receptor agonist,BRD-K91111634
acetylcholine receptor antagonist,BRD-K91244729
tricyclic antidepressant,BRD-K91263825
histamine receptor agonist,BRD-K91290917
bradykinin receptor antagonist,BRD-K91301684
tubulin polymerization inhibitor,BRD-K91301684
histamine receptor agonist,BRD-K91315211
histamine receptor antagonist,BRD-K91315211
prostanoid receptor antagonist,BRD-K91422571
neprilysin inhibitor,BRD-K91456750
membrane permeability inhibitor,BRD-K91495480
adenosine deaminase inhibitor,BRD-K91543828
ribonucleotide reductase inhibitor,BRD-K91543828
immunostimulant,BRD-K91544578
immunosuppressant,BRD-K91601245
protein synthesis inhibitor,BRD-K91601245
purine antagonist,BRD-K91601245
local anesthetic,BRD-K91699951
cyclooxygenase inhibitor,BRD-K91740057
glutamate receptor antagonist,BRD-K91938660
sodium channel blocker,BRD-K92049597
progesterone receptor agonist,BRD-K92073408
calcineurin inhibitor,BRD-K92107055
monoamine oxidase inhibitor,BRD-K92129045
microsomal trigylceride transfer protein inhibitor,BRD-K92213669
dehydrogenase inhibitor,BRD-K92428153
inositol monophosphatase inhibitor,BRD-K92428153
retinoid receptor agonist,BRD-K92441787
glutathione transferase stimulant,BRD-K92490248
tissue transglutaminase inhibitor,BRD-K92611362
dopamine reuptake inhibitor,BRD-K92613113
glutamate inhibitor,BRD-K92613113
monoamine oxidase inhibitor,BRD-K92613113
Bcr-Abl kinase inhibitor,BRD-K92723993
KIT inhibitor,BRD-K92723993
PDGFR tyrosine kinase receptor inhibitor,BRD-K92723993
angiotensin converting enzyme inhibitor,BRD-K92731339
vitamin B,BRD-K92760278
cyclooxygenase inhibitor,BRD-K92778217
RNA synthesis inhibitor,BRD-K92838188
bacterial cell wall synthesis inhibitor,BRD-K92872987
progesterone receptor agonist,BRD-K92902018
dopamine receptor antagonist,BRD-K92984783
serotonin receptor antagonist,BRD-K92984783
contrast agent,BRD-K92988025
adenosine deaminase inhibitor,BRD-K93034159
ribonucleotide reductase inhibitor,BRD-K93034159
phosphodiesterase inhibitor,BRD-K93208532
thrombopoietin receptor agonist,BRD-K93228461
bacterial cell wall synthesis inhibitor,BRD-K93231391
vasopressin receptor agonist,BRD-K93331255
monoamine oxidase inhibitor,BRD-K93332168
acetylcholine receptor antagonist,BRD-K93441486
thrombin inhibitor,BRD-K93442924
serotonin receptor antagonist,BRD-K93460210
sodium channel blocker,BRD-K93460210
serotonin receptor agonist,BRD-K93461745
bacterial antifolate,BRD-K93524252
glucocorticoid receptor agonist,BRD-K93568044
bone resorption inhibitor,BRD-K93618743
cyclooxygenase inhibitor,BRD-K93632104
prostanoid receptor antagonist,BRD-K93632104
phosphodiesterase inhibitor,BRD-K93645900
estrogen receptor antagonist,BRD-K93754473
selective estrogen receptor modulator (SERM),BRD-K93754473
neuraminidase inhibitor,BRD-K93767137
PKC activator,BRD-K93779381
thyrotropin releasing hormone receptor agonist,BRD-K93869735
DNA directed DNA polymerase inhibitor,BRD-K93880783
nucleoside reverse transcriptase inhibitor,BRD-K93880783
FLT3 inhibitor,BRD-K93918653
lipase inhibitor,BRD-K94062100
bone resorption inhibitor,BRD-K94072573
ionotropic receptor IR40a activator,BRD-K94080537
ribonucleotide reductase inhibitor,BRD-K94146583
beta lactamase inhibitor,BRD-K94250879
antiprotozoal agent,BRD-K94266545
glucocorticoid receptor agonist,BRD-K94353609
bacterial cell wall synthesis inhibitor,BRD-K94358652
aryl hydrocarbon receptor agonist,BRD-K94436377
capillary stabilizing agent,BRD-K94436377
antispasmodic,BRD-K94720315
cytochrome P450 inhibitor,BRD-K94830213
phosphodiesterase inhibitor,BRD-K94830213
CFTR channel agonist,BRD-K94830329
dystrophin stimulant,BRD-K94830329
antiprotozoal agent,BRD-K94848716
uricosuric blocker,BRD-K95237249
dopamine receptor antagonist,BRD-K95260951
serotonin receptor antagonist,BRD-K95260951
estrogen receptor agonist,BRD-K95309561
vesicular monoamine transporter inhibitor,BRD-K95739795
PDGFR tyrosine kinase receptor inhibitor,BRD-K95763993
acetylcholine receptor antagonist,BRD-K95773607
vitamin B,BRD-K95785345
vesicular monoamine transporter inhibitor,BRD-K95921201
nerve growth factor agonist,BRD-K95957366
progesterone receptor agonist,BRD-K96037667
gap junction modulator,BRD-K96137854
DNA polymerase inhibitor,BRD-K96153583
DNA polymerase inhibitor,BRD-K96159438
angiotensin converting enzyme inhibitor,BRD-K96177243
cyclooxygenase inhibitor,BRD-K96206066
prostaglandin inhibitor,BRD-K96206066
adrenergic receptor agonist,BRD-K96253961
local anesthetic,BRD-K96282009
sodium/glucose cotransporter inhibitor,BRD-K96344439
calcium channel blocker,BRD-K96354014
protein synthesis inhibitor,BRD-K96424892
pyruvate ferredoxin oxidoreductase inhibitor,BRD-K96471533
dipeptidyl peptidase inhibitor,BRD-K96550715
bacterial cell wall synthesis inhibitor,BRD-K96571715
bacterial cell wall synthesis inhibitor,BRD-K96734425
bacterial 30S ribosomal subunit inhibitor,BRD-K96737756
dopamine receptor antagonist,BRD-K96740444
bacterial cell wall synthesis inhibitor,BRD-K96786677
TGF beta receptor inhibitor,BRD-K96862998
gonadotropin releasing factor hormone receptor agonist,BRD-K96874295
chelating agent,BRD-K97010173
leukotriene receptor antagonist,BRD-K97045029
coagulation factor inhibitor,BRD-K97058489
dopamine receptor antagonist,BRD-K97158071
metallic radical formation stimulant,BRD-K97163964
sodium channel blocker,BRD-K97181089
calcium channel blocker,BRD-K97181463
contraceptive agent,BRD-K97197005
dopamine receptor antagonist,BRD-K97309399
polar auxin transport inhibitor,BRD-K97399794
neurokinin receptor antagonist,BRD-K97428065
tachykinin antagonist,BRD-K97428065
adrenergic receptor antagonist,BRD-K97440753
prolactin inhibitor,BRD-K97440753
dihydrofolate reductase inhibitor,BRD-K97464279
progesterone receptor antagonist,BRD-K97472745
glycolysis inhibitor,BRD-K97521363
melatonin receptor agonist,BRD-K97530723
nitric oxide synthase inhibitor,BRD-K97530723
cathepsin inhibitor,BRD-K97534525
histamine receptor antagonist,BRD-K97564742
ATP channel blocker,BRD-K97746869
nitric oxide donor,BRD-K97752965
potassium channel activator,BRD-K97752965
adenosine receptor antagonist,BRD-K97799481
glucocorticoid receptor agonist,BRD-K97810537
hypoxia inducible factor inhibitor,BRD-K97874492
protein synthesis stimulant,BRD-K97884852
bacterial 50S ribosomal subunit inhibitor,BRD-K97891829
progesterone receptor agonist,BRD-K97939847
histamine receptor antagonist,BRD-K98004573
platelet activating factor receptor antagonist,BRD-K98004573
aldose reductase inhibitor,BRD-K98054437
bacterial 30S ribosomal subunit inhibitor,BRD-K98174813
bacterial DNA gyrase inhibitor,BRD-K98384930
local anesthetic,BRD-K98494274
adrenergic receptor agonist,BRD-K98530306
histamine receptor antagonist,BRD-K98624455
cyclooxygenase inhibitor,BRD-K98763141
apoptosis stimulant,BRD-K98765504
benzodiazepine receptor antagonist,BRD-K98769987
nucleoside reverse transcriptase inhibitor,BRD-K99063460
glutamate receptor antagonist,BRD-K99107520
sodium channel blocker,BRD-K99121711
glucocorticoid receptor agonist,BRD-K99199077
radiopaque medium,BRD-K99241550
antihistamine,BRD-K99300445
thymidylate synthase inhibitor,BRD-K99383816
angiotensin converting enzyme inhibitor,BRD-K99447003
HIV protease inhibitor,BRD-K99451608
gonadotropin releasing factor hormone receptor agonist,BRD-K99504665
progesterone receptor agonist,BRD-K99615199
acetylcholine receptor antagonist,BRD-K99621550
local anesthetic,BRD-K99622919
bacterial cell wall synthesis inhibitor,BRD-K99750640
potassium channel activator,BRD-K99792991
Na/K-ATPase inhibitor,BRD-K99919177
local anesthetic,BRD-K99946902
Abl kinase inhibitor,BRD-K99964838
Bcr-Abl kinase inhibitor,BRD-K99964838
SRC inhibitor,BRD-K99964838
prostanoid receptor antagonist,BRD-K99984802
adrenergic receptor agonist,BRD-M00027710
neprilysin inhibitor,BRD-M00027711
histamine receptor antagonist,BRD-M00027712
bacterial 30S ribosomal subunit inhibitor,BRD-M15413738
adrenergic receptor antagonist,BRD-M39350793
enzyme inducer,BRD-M42056162
heme oxygenase activators,BRD-M42056162
bacterial cell wall synthesis inhibitor,BRD-M45010341
other antifungal,BRD-M49658242
cyclooxygenase inhibitor,BRD-M63173034
cyclooxygenase inhibitor,BRD-M64062803
diuretic,BRD-M67659203
antacid,BRD-M71167108
immunostimulant,BRD-M75061779
DNA synthesis inhibitor,BRD-M78068755
dna alkylating drug,BRD-M78068755
dopamine receptor antagonist,BRD-M80207679
hypoxia inducible factor inhibitor,BRD-M87138257
selective estrogen receptor modulator (SERM),BRD-M93148412
acetylcholine receptor agonist,BRD-M98279124
