gene_symbol,entrez_id,compound_id
PGR,5241,BRD-A00758722
PDE4A,5141,BRD-A00827783
ADRB1,153,BRD-A00993607
ADRB2,154,BRD-A00993607
AKR1C1,1645,BRD-A01078468
ESR1,2099,BRD-A01078468
ESR2,2100,BRD-A01078468
CACNA1C,775,BRD-A01098288
CACNA1C,775,BRD-A01563671
CACNA1D,776,BRD-A01563671
CACNA1F,778,BRD-A01563671
CACNA1S,779,BRD-A01563671
ACHE,43,BRD-A01976766
CACNA1D,776,BRD-A02006392
CACNA2D1,781,BRD-A02006392
KCNN4,3783,BRD-A02006392
NR3C1,2908,BRD-A02180903
BCHE,590,BRD-A02710418
CACNA1B,774,BRD-A02743701
TYMS,7298,BRD-A03757454
ADRB1,153,BRD-A04322457
ADRB2,154,BRD-A04322457
ADRB3,155,BRD-A04322457
CCR5,1234,BRD-A04352665
ADRB1,153,BRD-A04971881
ADRB2,154,BRD-A04971881
ADRB3,155,BRD-A04971881
ATP1A1,476,BRD-A05926236
HRH1,3269,BRD-A06352418
KCNH1,3756,BRD-A06352418
KCNH2,3757,BRD-A06352418
ADRB2,154,BRD-A07780951
MME,4311,BRD-A08187463
ESR1,2099,BRD-A08302182
PGR,5241,BRD-A08302182
CHRM1,1128,BRD-A09467419
KCNA5,3741,BRD-A09472452
KCNA7,3743,BRD-A09472452
SCN5A,6331,BRD-A09472452
CACNA1A,773,BRD-A09533288
CACNA1B,774,BRD-A09533288
CACNA1C,775,BRD-A09533288
CACNA1D,776,BRD-A09533288
CACNA1F,778,BRD-A09533288
CACNA1G,8913,BRD-A09533288
CACNA1I,8911,BRD-A09533288
CACNA1S,779,BRD-A09533288
CACNB1,782,BRD-A09533288
CACNB2,783,BRD-A09533288
CACNB3,784,BRD-A09533288
CACNB4,785,BRD-A09533288
CYP3A4,1576,BRD-A09533288
KCNA10,3744,BRD-A09533288
KCNA7,3743,BRD-A09533288
KCNH2,3757,BRD-A09533288
KCNJ11,3767,BRD-A09533288
NALCN,259232,BRD-A09533288
SCN5A,6331,BRD-A09533288
SLC29A4,222962,BRD-A09533288
SLC6A4,6532,BRD-A09533288
CYP2A6,1548,BRD-A09722536
CYP2B6,1555,BRD-A09722536
CYP2C18,1562,BRD-A09722536
CYP2C19,1557,BRD-A09722536
CYP2C8,1558,BRD-A09722536
CYP2C9,1559,BRD-A09722536
CYP2D6,1565,BRD-A09722536
CYP3A4,1576,BRD-A09722536
CYP3A5,1577,BRD-A09722536
CYP3A7,1551,BRD-A09722536
CMA1,1215,BRD-A09735281
CTSA,5476,BRD-A09735281
CTSF,8722,BRD-A09735281
CTSK,1513,BRD-A09735281
CTSL,1514,BRD-A09735281
CTSS,1520,BRD-A09735281
ADRA1A,148,BRD-A09925278
ADRB1,153,BRD-A09925278
ADRB1,153,BRD-A10070317
ADRB2,154,BRD-A10070317
ANXA1,301,BRD-A10188456
NOS2,4843,BRD-A10188456
NR0B1,190,BRD-A10188456
NR3C1,2908,BRD-A10188456
NR3C2,4306,BRD-A10188456
HTR3A,3359,BRD-A10967948
ADRB1,153,BRD-A10977446
ADRB2,154,BRD-A10977446
ADRB3,155,BRD-A10977446
A1BG,1,BRD-A12077521
ASS1,445,BRD-A12237696
DDAH1,23576,BRD-A12237696
DDAH2,23564,BRD-A12237696
GPRC6A,222545,BRD-A12237696
NOS1,4842,BRD-A12237696
NOS2,4843,BRD-A12237696
NOS3,4846,BRD-A12237696
OTC,5009,BRD-A12237696
PADI1,29943,BRD-A12237696
PADI2,11240,BRD-A12237696
PADI3,51702,BRD-A12237696
PADI4,23569,BRD-A12237696
PADI6,353238,BRD-A12237696
HTR2A,3356,BRD-A12896037
HTR3A,3359,BRD-A12896037
HTR4,3360,BRD-A12896037
KCNH2,3757,BRD-A12896037
CYP2C8,1558,BRD-A13084692
PPARG,5468,BRD-A13084692
TRPM3,80036,BRD-A13084692
ADRB2,154,BRD-A13116749
CACNA1C,775,BRD-A13175897
CHRM1,1128,BRD-A14208071
CHRM3,1131,BRD-A14208071
NR3C1,2908,BRD-A15297126
SERPINA6,866,BRD-A15297126
SMO,6608,BRD-A15297126
HRH1,3269,BRD-A15687940
SLC12A3,6559,BRD-A15739803
FPR1,2357,BRD-A15909516
PTGS1,5742,BRD-A16296925
PTGS2,5743,BRD-A16296925
CHRM1,1128,BRD-A16311756
ACHE,43,BRD-A16347691
PTGS2,5743,BRD-A16347691
ESR1,2099,BRD-A16439188
ESR2,2100,BRD-A16439188
TRHR,7201,BRD-A16997652
ADA,100,BRD-A17154931
CYP3A4,1576,BRD-A17407635
NR3C1,2908,BRD-A17407635
SERPINA6,866,BRD-A17407635
PTGS2,5743,BRD-A17411484
ADRB2,154,BRD-A17462676
BCHE,590,BRD-A17462676
TNF,7124,BRD-A17883755
CHRM2,1129,BRD-A18056626
CHRM4,1132,BRD-A18056626
PKD2L1,9033,BRD-A18396475
MUT,4594,BRD-A18627414
CACNA2D1,781,BRD-A18992208
ADRA1A,148,BRD-A19053834
ADRA1B,147,BRD-A19053834
ADRA1D,146,BRD-A19053834
DRD2,1813,BRD-A19053834
HRH1,3269,BRD-A19053834
HTR2C,3358,BRD-A19053834
HTR6,3362,BRD-A19053834
PTGS1,5742,BRD-A19458515
PTGS2,5743,BRD-A19458515
ADRA1A,148,BRD-A19661776
ADRA1B,147,BRD-A19661776
ADRA1D,146,BRD-A19661776
HRH1,3269,BRD-A19661776
HRH2,3274,BRD-A19661776
HTR2A,3356,BRD-A19661776
HTR2B,3357,BRD-A19661776
HTR2C,3358,BRD-A19661776
HTR6,3362,BRD-A19661776
HTR7,3363,BRD-A19661776
ADRB1,153,BRD-A20239487
ADRB2,154,BRD-A20239487
LTF,4057,BRD-A20239487
PLA2G2E,30814,BRD-A20239487
GABRA1,2554,BRD-A20348246
GABRA1,2554,BRD-A20550616
GABRA2,2555,BRD-A20550616
GABRA3,2556,BRD-A20550616
GABRA4,2557,BRD-A20550616
GABRA5,2558,BRD-A20550616
GABRA6,2559,BRD-A20550616
GABRB1,2560,BRD-A20550616
GABRB2,2561,BRD-A20550616
GABRB3,2562,BRD-A20550616
GABRD,2563,BRD-A20550616
GABRE,2564,BRD-A20550616
GABRG1,2565,BRD-A20550616
GABRG2,2566,BRD-A20550616
GABRG3,2567,BRD-A20550616
GABRP,2568,BRD-A20550616
GABRQ,55879,BRD-A20550616
GLRA1,2741,BRD-A20550616
GLRB,2743,BRD-A20550616
KCNK10,54207,BRD-A20550616
KCNK12,56660,BRD-A20550616
KCNK13,56659,BRD-A20550616
KCNK15,60598,BRD-A20550616
KCNK18,338567,BRD-A20550616
KCNK2,3776,BRD-A20550616
KCNK3,3777,BRD-A20550616
KCNK9,51305,BRD-A20550616
NR3C2,4306,BRD-A20644369
FOXM1,2305,BRD-A20697603
ADRB1,153,BRD-A21280314
ADRB2,154,BRD-A21280314
CACNA1G,8913,BRD-A22128695
ESR1,2099,BRD-A22143024
ESR2,2100,BRD-A22143024
ATP4A,495,BRD-A22380646
30S-RIBOSOMAL SUBUNIT,,BRD-A22740840
PTGS1,5742,BRD-A22844106
PTGS2,5743,BRD-A22844106
HRH1,3269,BRD-A23072235
PTGS1,5742,BRD-A23418262
PTGS2,5743,BRD-A23418262
NR1I2,8856,BRD-A23603052
SLCO1A2,6579,BRD-A23603052
SLCO1B1,10599,BRD-A23603052
SLCO1B3,28234,BRD-A23603052
IDE,3416,BRD-A23712469
GABRA1,2554,BRD-A23970436
VKORC1,79001,BRD-A24514565
CYP11A1,1583,BRD-A25234499
CYP19A1,1588,BRD-A25234499
CYP11B1,1584,BRD-A25619068
CYP19A1,1588,BRD-A25619068
CA1,759,BRD-A26384407
CA12,771,BRD-A26384407
CA14,23632,BRD-A26384407
CA2,760,BRD-A26384407
CA4,762,BRD-A26384407
CA7,766,BRD-A26384407
SLC12A1,6557,BRD-A26384407
CYP19A1,1588,BRD-A26503646
ADORA3,140,BRD-A26711594
CYP2C19,1557,BRD-A27732521
CYP2D6,1565,BRD-A27732521
NR3C1,2908,BRD-A27887842
NR3C2,4306,BRD-A27887842
SERPINA6,866,BRD-A27887842
ADRB3,155,BRD-A28044053
PTGS1,5742,BRD-A28940325
PTGS2,5743,BRD-A28940325
SLC12A1,6557,BRD-A28940325
TYR,7299,BRD-A29111201
ADRB1,153,BRD-A29260609
AR,367,BRD-A29485665
DRD2,1813,BRD-A29644307
SLC6A2,6530,BRD-A29644307
SLC6A3,6531,BRD-A29644307
CHRM1,1128,BRD-A29734509
CHRM2,1129,BRD-A29734509
CHRM3,1131,BRD-A29734509
KCND2,3751,BRD-A29734509
KCND3,3752,BRD-A29734509
KCNH2,3757,BRD-A29734509
SCN5A,6331,BRD-A29734509
SCN5A,6331,BRD-A30205217
CYP51A1,1595,BRD-A30774155
CFTR,1080,BRD-A30815329
AVPR1A,552,BRD-A31095847
AVPR1B,553,BRD-A31095847
AVPR2,554,BRD-A31095847
ANO1,55107,BRD-A31159102
HTR2B,3357,BRD-A31159102
SLC6A4,6532,BRD-A31159102
CYP11A1,1583,BRD-A31204924
CYP11B1,1584,BRD-A31204924
ESR1,2099,BRD-A31204924
CA1,759,BRD-A31521121
GABRA1,2554,BRD-A31564021
GABRA2,2555,BRD-A31564021
GABRA3,2556,BRD-A31564021
GABRA4,2557,BRD-A31564021
GABRA5,2558,BRD-A31564021
GABRA6,2559,BRD-A31564021
GABRB1,2560,BRD-A31564021
GABRB2,2561,BRD-A31564021
GABRB3,2562,BRD-A31564021
GABRD,2563,BRD-A31564021
GABRE,2564,BRD-A31564021
GABRG1,2565,BRD-A31564021
GABRG2,2566,BRD-A31564021
GABRG3,2567,BRD-A31564021
GABRP,2568,BRD-A31564021
GABRQ,55879,BRD-A31564021
GLRA1,2741,BRD-A31564021
GLRB,2743,BRD-A31564021
KCNK10,54207,BRD-A31564021
KCNK18,338567,BRD-A31564021
KCNK2,3776,BRD-A31564021
KCNK3,3777,BRD-A31564021
KCNK9,51305,BRD-A31564021
CHRM1,1128,BRD-A31800922
ADRB1,153,BRD-A33168282
ADRB2,154,BRD-A33168282
ADRB3,155,BRD-A33168282
KCNH2,3757,BRD-A33168282
HRH1,3269,BRD-A33178345
ACE,1636,BRD-A33506612
ADRB2,154,BRD-A33894669
PTGS1,5742,BRD-A34006693
PTGS2,5743,BRD-A34006693
NR3C1,2908,BRD-A34299591
HTR2A,3356,BRD-A34358106
HTR2B,3357,BRD-A34358106
HTR2C,3358,BRD-A34358106
VDR,7421,BRD-A34455052
PTGS1,5742,BRD-A34603619
PTGS2,5743,BRD-A34603619
TOP2A,7153,BRD-A35588707
TOP2B,7155,BRD-A35588707
NR3C1,2908,BRD-A36010170
ABCC1,4363,BRD-A36217750
FPR1,2357,BRD-A36217750
SLC22A12,116085,BRD-A36217750
ADRB2,154,BRD-A36267905
FOLR2,2350,BRD-A36978621
CFTR,1080,BRD-A38076815
KCNA10,3744,BRD-A38350138
CA2,760,BRD-A38675539
GRIA1,2890,BRD-A38675539
GRIA2,2891,BRD-A38675539
GRIA3,2892,BRD-A38675539
GRIA4,2893,BRD-A38675539
SLC12A3,6559,BRD-A38675539
AR,367,BRD-A38706605
HTR4,3360,BRD-A39052811
PTGS1,5742,BRD-A39172021
PTGS2,5743,BRD-A39172021
ADRA1A,148,BRD-A39189014
ADRA1B,147,BRD-A39189014
ADRA1D,146,BRD-A39189014
METAP2,10988,BRD-A39515206
PGR,5241,BRD-A39791822
CYP51A1,1595,BRD-A40546373
ADRB1,153,BRD-A41304429
ANPEP,290,BRD-A41519720
NPC1L1,29881,BRD-A41519720
SOAT1,6646,BRD-A41519720
ADRB1,153,BRD-A42167015
ADRB2,154,BRD-A42167015
ADRB3,155,BRD-A42167015
DHODH,1723,BRD-A42699921
HTR1A,3350,BRD-A42881122
HTR2A,3356,BRD-A42881122
HTR2C,3358,BRD-A42881122
HTR7,3363,BRD-A42881122
ADRB1,153,BRD-A43671941
ABCC8,6833,BRD-A43882281
ABCC9,10060,BRD-A43882281
HRH1,3269,BRD-A44008656
CXCR1,3577,BRD-A44090213
CXCR2,3579,BRD-A44090213
PTGS1,5742,BRD-A44090213
PTGS2,5743,BRD-A44090213
KCNH2,3757,BRD-A44511856
CCKAR,886,BRD-A44863528
CCKBR,887,BRD-A44863528
AKR1C3,8644,BRD-A45153512
PTGER1,5731,BRD-A45153512
PTGER3,5733,BRD-A45153512
PTGFR,5737,BRD-A45153512
PTGDR,5729,BRD-A45664787
PTGER1,5731,BRD-A45664787
PTGER2,5732,BRD-A45664787
PTGER3,5733,BRD-A45664787
PTGER4,5734,BRD-A45664787
PTGFR,5737,BRD-A45664787
PTGIR,5739,BRD-A45664787
TBXA2R,6915,BRD-A45664787
PLA2G1B,5319,BRD-A45889380
HRH1,3269,BRD-A46335897
ALPPL2,251,BRD-A46393198
CHRNA3,1136,BRD-A46393198
ADRA1A,148,BRD-A47598013
CHRM1,1128,BRD-A47598013
HRH1,3269,BRD-A47598013
SLC6A2,6530,BRD-A47598013
SLC6A3,6531,BRD-A47598013
SLC6A4,6532,BRD-A47598013
F2,2147,BRD-A48261811
GLP1R,2740,BRD-A48274390
ADRB1,153,BRD-A48420483
ADRB2,154,BRD-A48420483
ADRB3,155,BRD-A48420483
CHRNA2,1135,BRD-A48465967
ACHE,43,BRD-A49160188
ATP4A,495,BRD-A49172652
ATP4B,496,BRD-A49172652
PPARA,5465,BRD-A49358627
IDE,3416,BRD-A49374018
NR3C1,2908,BRD-A49765801
VKORC1,79001,BRD-A49838158
ADRB2,154,BRD-A50157456
ADRB1,153,BRD-A50675490
ADRB2,154,BRD-A50675490
ADRB3,155,BRD-A50675490
ACE,1636,BRD-A51382177
ATP4A,495,BRD-A51497544
NPY1R,4886,BRD-A51820102
NPY2R,4887,BRD-A51820102
TRPM2,7226,BRD-A51820102
TRPV5,56302,BRD-A51820102
GABRA1,2554,BRD-A51831848
GABRA2,2555,BRD-A51831848
GABRA3,2556,BRD-A51831848
GABRA4,2557,BRD-A51831848
GABRA5,2558,BRD-A51831848
GABRA6,2559,BRD-A51831848
GABRB1,2560,BRD-A51831848
GABRB2,2561,BRD-A51831848
GABRB3,2562,BRD-A51831848
GABRD,2563,BRD-A51831848
GABRE,2564,BRD-A51831848
GABRG1,2565,BRD-A51831848
GABRG2,2566,BRD-A51831848
GABRG3,2567,BRD-A51831848
GABRP,2568,BRD-A51831848
GABRQ,55879,BRD-A51831848
GLRA1,2741,BRD-A51831848
GLRB,2743,BRD-A51831848
KCNK10,54207,BRD-A51831848
KCNK18,338567,BRD-A51831848
KCNK2,3776,BRD-A51831848
KCNK3,3777,BRD-A51831848
KCNK9,51305,BRD-A51831848
KCNN4,3783,BRD-A51964809
ATP2A2,488,BRD-A52922642
CHRM5,1133,BRD-A54234250
ADRA1A,148,BRD-A54236247
ADRA2A,150,BRD-A54236247
ADRB1,153,BRD-A54236247
ADRB2,154,BRD-A54236247
ATF1,466,BRD-A54236247
ATF2,1386,BRD-A54236247
ATF3,467,BRD-A54236247
ATF4,468,BRD-A54236247
ATF5,22809,BRD-A54236247
ATF6,22926,BRD-A54236247
ATF7,11016,BRD-A54236247
FOS,2353,BRD-A54236247
IL2,3558,BRD-A54236247
JDP2,122953,BRD-A54236247
JUN,3725,BRD-A54236247
NFATC1,4772,BRD-A54236247
SLC6A2,6530,BRD-A54236247
SLC6A3,6531,BRD-A54236247
SLC6A4,6532,BRD-A54236247
TNF,7124,BRD-A54236247
GUCY2C,2984,BRD-A55468767
PROC,5624,BRD-A55664972
ATP4A,495,BRD-A55962179
CLCN2,1181,BRD-A55962179
ADRB2,154,BRD-A56241705
ADRB3,155,BRD-A56241705
ALOX5,240,BRD-A56359832
CHRM1,1128,BRD-A56613951
CHRM4,1132,BRD-A56613951
CHRM5,1133,BRD-A56613951
SLC15A1,6564,BRD-A56858165
SLC15A2,6565,BRD-A56858165
SLC22A6,9356,BRD-A56858165
SLC22A8,9376,BRD-A56858165
ATP4A,495,BRD-A56892734
ATP4B,496,BRD-A56892734
PTGS1,5742,BRD-A57382968
PTGS2,5743,BRD-A57382968
CACNA1G,8913,BRD-A57592049
CACNA1H,8912,BRD-A57592049
CACNA1I,8911,BRD-A57592049
CFTR,1080,BRD-A58048407
NR3C2,4306,BRD-A58048407
NR3C1,2908,BRD-A59014912
SLC6A2,6530,BRD-A59198242
CYP7A1,1581,BRD-A59329714
KCNK2,3776,BRD-A59378440
DRD2,1813,BRD-A60197193
TBXA2R,6915,BRD-A60765580
DDC,1644,BRD-A61194565
SLC12A3,6559,BRD-A61793559
NR3C1,2908,BRD-A62731508
GAA,2548,BRD-A63310107
GANAB,23193,BRD-A63310107
GANC,2595,BRD-A63310107
MGAM,8972,BRD-A63310107
PLAU,5328,BRD-A64092382
SCN4A,6329,BRD-A64092382
SCN5A,6331,BRD-A64092382
SSTR2,6752,BRD-A64173453
SSTR3,6753,BRD-A64173453
SSTR5,6755,BRD-A64173453
CHRM1,1128,BRD-A64698388
ADRA2A,150,BRD-A64977602
ADRA2B,151,BRD-A64977602
ADRA2C,152,BRD-A64977602
HTR2A,3356,BRD-A64977602
HTR2C,3358,BRD-A64977602
VKORC1,79001,BRD-A65051990
DRD2,1813,BRD-A65280694
HRH1,3269,BRD-A65280694
HTR2A,3356,BRD-A65280694
NR3C1,2908,BRD-A65449987
ADRA1A,148,BRD-A66563878
ADRA1B,147,BRD-A66563878
ADRA1D,146,BRD-A66563878
ADRA2A,150,BRD-A66563878
ADRA2B,151,BRD-A66563878
ADRA2C,152,BRD-A66563878
GABBR1,2550,BRD-A66920069
GABBR2,9568,BRD-A66920069
CYP2A6,1548,BRD-A67097164
CYP2B6,1555,BRD-A67097164
CYP2C18,1562,BRD-A67097164
CYP2C19,1557,BRD-A67097164
CYP2C8,1558,BRD-A67097164
CYP2C9,1559,BRD-A67097164
CYP3A4,1576,BRD-A67097164
CYP3A5,1577,BRD-A67097164
CYP3A7,1551,BRD-A67097164
PTGS1,5742,BRD-A67097164
MAOA,4128,BRD-A67182178
MAOB,4129,BRD-A67182178
HRH2,3274,BRD-A67516570
ADRA1A,148,BRD-A67799922
ADRA1B,147,BRD-A67799922
ADRA1D,146,BRD-A67799922
ADRA2A,150,BRD-A67799922
ADRA2B,151,BRD-A67799922
ADRA2C,152,BRD-A67799922
ACAT2,39,BRD-A67956599
CRAT,1384,BRD-A67956599
CS,1431,BRD-A67956599
DBI,1622,BRD-A67956599
HMGCR,3156,BRD-A67956599
KAT2A,2648,BRD-A67956599
KAT2B,8850,BRD-A67956599
KAT5,10524,BRD-A67956599
SLC6A2,6530,BRD-A68304895
SLC6A3,6531,BRD-A68304895
SLC6A4,6532,BRD-A68304895
CYP1A2,1544,BRD-A68493689
CYP3A4,1576,BRD-A68493689
HRH1,3269,BRD-A68888262
DDC,1644,BRD-A69512159
CHRM1,1128,BRD-A69917777
PTGS2,5743,BRD-A70182876
PTGS1,5742,BRD-A71725768
PTGS2,5743,BRD-A71725768
HTR1A,3350,BRD-A72309220
HTR1B,3351,BRD-A72309220
HTR1D,3352,BRD-A72309220
HTR1E,3354,BRD-A72309220
HTR1F,3355,BRD-A72309220
HTR2A,3356,BRD-A72309220
HTR2B,3357,BRD-A72309220
HTR2C,3358,BRD-A72309220
HTR5A,3361,BRD-A72309220
HTR6,3362,BRD-A72309220
HTR7,3363,BRD-A72309220
PTGER2,5732,BRD-A72351335
PTGER3,5733,BRD-A72351335
PTGER4,5734,BRD-A72351335
PTGIR,5739,BRD-A72351335
GABRA3,2556,BRD-A72441487
FAAH,2166,BRD-A72603112
PTGS2,5743,BRD-A72988804
HRH1,3269,BRD-A73368467
NR3C1,2908,BRD-A73385064
SERPINA6,866,BRD-A73385064
SLC36A1,206358,BRD-A73930134
SLC36A2,153201,BRD-A73930134
CACNA1C,775,BRD-A74391928
KCNH2,3757,BRD-A74391928
PTGS2,5743,BRD-A74667430
DHFR,1719,BRD-A74914197
PTGS1,5742,BRD-A75224450
PTGS2,5743,BRD-A75224450
PTGS1,5742,BRD-A75552914
PTGS2,5743,BRD-A75552914
ADRB1,153,BRD-A78322124
ADRB2,154,BRD-A78322124
ADORA1,134,BRD-A78341343
ADORA2A,135,BRD-A78341343
ADORA2B,136,BRD-A78341343
ADORA3,140,BRD-A78341343
PBP,,BRD-A78723049
CHRM3,1131,BRD-A79672927
CHRM4,1132,BRD-A79672927
FKBP1A,2280,BRD-A79768653
MTOR,2475,BRD-A79768653
SLC12A1,6557,BRD-A80017228
SLC12A3,6559,BRD-A80017228
TOP1,7150,BRD-A80805100
TOP2A,7153,BRD-A80805100
TAAR1,134864,BRD-A80871782
PTGS1,5742,BRD-A81129465
SLC5A8,160728,BRD-A81129465
CHRM1,1128,BRD-A81233518
CHRM2,1129,BRD-A81233518
CHRM3,1131,BRD-A81233518
CHRM4,1132,BRD-A81233518
CHRM5,1133,BRD-A81233518
AVPR1A,552,BRD-A82035391
AVPR2,554,BRD-A82035391
P2RY12,64805,BRD-A83029242
SCN5A,6331,BRD-A83937277
PTGS1,5742,BRD-A84174393
PTGS2,5743,BRD-A84174393
A1BG,1,BRD-A84465106
CACNA1C,775,BRD-A84465106
CACNA1D,776,BRD-A84465106
CACNA1F,778,BRD-A84465106
CACNA1S,779,BRD-A84465106
CHRNA7,1139,BRD-A84481105
DRD1,1812,BRD-A84481105
DRD2,1813,BRD-A84481105
DRD3,1814,BRD-A84481105
DRD4,1815,BRD-A84481105
DRD5,1816,BRD-A84481105
HRH1,3269,BRD-A84481105
HTR1A,3350,BRD-A84481105
HTR2A,3356,BRD-A84481105
HTR2C,3358,BRD-A84481105
HTR6,3362,BRD-A84481105
HTR7,3363,BRD-A84481105
MALT1,10892,BRD-A84481105
PDE3A,5139,BRD-A84575140
CACNA1C,775,BRD-A84687895
CACNA1D,776,BRD-A84687895
CHRM1,1128,BRD-A84907376
CHRM2,1129,BRD-A84907376
CHRM3,1131,BRD-A84907376
CHRM4,1132,BRD-A84907376
CHRNA7,1139,BRD-A84907376
SLC23A1,9963,BRD-A85242401
SLC23A2,9962,BRD-A85242401
AVPR1A,552,BRD-A85261566
AVPR1B,553,BRD-A85261566
AVPR2,554,BRD-A85261566
OXT,5020,BRD-A85261566
OXTR,5021,BRD-A85261566
ESR1,2099,BRD-A85667082
ESR2,2100,BRD-A85667082
GPER1,2852,BRD-A85667082
CACNA1G,8913,BRD-A86665761
ALOX5,240,BRD-A87130939
ADRB1,153,BRD-A87606379
ADRB2,154,BRD-A87606379
ADRB3,155,BRD-A87606379
NR3C1,2908,BRD-A88138582
ADRB2,154,BRD-A88254928
DPP4,1803,BRD-A88369366
GNRHR,2798,BRD-A88562598
ADRB1,153,BRD-A89175223
ADRA1A,148,BRD-A89207210
ADRA2A,150,BRD-A89207210
ADRA2B,151,BRD-A89207210
ADRA2C,152,BRD-A89207210
DRD2,1813,BRD-A89207210
DRD3,1814,BRD-A89207210
DRD4,1815,BRD-A89207210
HTR1A,3350,BRD-A89207210
HTR1B,3351,BRD-A89207210
HTR1D,3352,BRD-A89207210
HTR2A,3356,BRD-A89207210
HTR2B,3357,BRD-A89207210
HTR2C,3358,BRD-A89207210
PRKCI,5584,BRD-A89825407
ITGA2B,3674,BRD-A90547603
ITGB3,3690,BRD-A90547603
PTGS1,5742,BRD-A90551241
PTGS2,5743,BRD-A90551241
LPL,4023,BRD-A90625545
CACNA1D,776,BRD-A90799790
CACNA1F,778,BRD-A90799790
CACNA2D1,781,BRD-A90799790
KCNQ4,9132,BRD-A91008255
HRH1,3269,BRD-A91444184
MRGPRX1,259249,BRD-A91699651
TNF,7124,BRD-A93255169
NR3C1,2908,BRD-A93963402
PLA2G1B,5319,BRD-A93963402
CYP1A2,1544,BRD-A94008949
CYP2D6,1565,BRD-A94008949
CYP3A4,1576,BRD-A94008949
CYP3A5,1577,BRD-A94008949
CYP3A7,1551,BRD-A94008949
ADRB1,153,BRD-A94276798
PRKACA,5566,BRD-A94624445
SLC12A1,6557,BRD-A95340155
SLC12A3,6559,BRD-A95340155
ADRA2A,150,BRD-A95602221
ADRB1,153,BRD-A95602221
ADRB2,154,BRD-A95602221
CA2,760,BRD-A95869247
HTR3A,3359,BRD-A95869247
KCNQ1,3784,BRD-A95869247
ARG2,384,BRD-A96292436
ODC1,4953,BRD-A96292436
FFAR1,2864,BRD-A97437073
PPARG,5468,BRD-A97437073
TRPC5,7224,BRD-A97437073
TRPM3,80036,BRD-A97437073
CHRM1,1128,BRD-A97479839
SCN10A,6336,BRD-A97674275
SCN9A,6335,BRD-A97674275
ADRB1,153,BRD-A97701745
ADRB2,154,BRD-A97701745
HTR1A,3350,BRD-A97701745
HTR2A,3356,BRD-A97701745
HTR2B,3357,BRD-A97701745
SCN5A,6331,BRD-A97730597
PTGS1,5742,BRD-A97739905
PTGS2,5743,BRD-A97739905
SLC5A8,160728,BRD-A97739905
CLCA1,1179,BRD-A98378129
HRH1,3269,BRD-A98990573
TLR7,51284,BRD-A99117172
TLR9,54106,BRD-A99117172
METAP2,10988,BRD-A99367815
CACNA1G,8913,BRD-A99633051
CACNA1H,8912,BRD-A99633051
CACNA1I,8911,BRD-A99633051
DRD2,1813,BRD-A99888680
HTR2A,3356,BRD-A99888680
CHRM1,1128,BRD-A99899486
CA1,759,BRD-K00002562
CA12,771,BRD-K00002562
CA14,23632,BRD-K00002562
CA2,760,BRD-K00002562
CA4,762,BRD-K00002562
CA7,766,BRD-K00002562
PGR,5241,BRD-K00003150
ATP4A,495,BRD-K00003243
PRKCD,5580,BRD-K00003329
PRKCE,5581,BRD-K00003329
F10,2159,BRD-K00003513
SERPINC1,462,BRD-K00003513
PTPN6,5777,BRD-K00003543
CYP1A2,1544,BRD-K00003545
CYP3A4,1576,BRD-K00003545
DPP4,1803,BRD-K00003546
DRD2,1813,BRD-K00003551
HRH1,3269,BRD-K00003551
HTR1A,3350,BRD-K00003551
HTR1B,3351,BRD-K00003551
HTR1D,3352,BRD-K00003551
HTR1E,3354,BRD-K00003551
HTR2A,3356,BRD-K00003551
GLP1R,2740,BRD-K00003559
DPP4,1803,BRD-K00003565
MPL,4352,BRD-K00003572
BRAF,673,BRD-K00003576
CCND1,595,BRD-K00003576
GNRHR,2798,BRD-K00003578
AVPR1A,552,BRD-K00003582
AVPR1B,553,BRD-K00003582
AVPR2,554,BRD-K00003582
OXTR,5021,BRD-K00003582
SERPIND1,3053,BRD-K00003590
GUCY2C,2984,BRD-K00003592
OPRD1,4985,BRD-K00003599
OPRK1,4986,BRD-K00003599
OPRM1,4988,BRD-K00003599
CHRM1,1128,BRD-K00003600
CHRM2,1129,BRD-K00003600
CHRM3,1131,BRD-K00003600
CHRM4,1132,BRD-K00003600
CHRM5,1133,BRD-K00003600
PRKCI,5584,BRD-K00003601
ADORA1,134,BRD-K00003609
ADORA2A,135,BRD-K00003609
ADORA2B,136,BRD-K00003609
ADORA3,140,BRD-K00003609
HRH2,3274,BRD-K00003615
AKR1C3,8644,BRD-K00003616
PTGER1,5731,BRD-K00003616
PTGER3,5733,BRD-K00003616
PTGFR,5737,BRD-K00003616
ADRB1,153,BRD-K00003617
OPRD1,4985,BRD-K00003635
OPRK1,4986,BRD-K00003635
OPRM1,4988,BRD-K00003635
KCNA5,3741,BRD-K00003636
SCN10A,6336,BRD-K00003636
CHRM1,1128,BRD-K00003637
CHRM2,1129,BRD-K00003637
CHRM3,1131,BRD-K00003637
CHRM4,1132,BRD-K00003637
CHRM1,1128,BRD-K00003641
NR3C1,2908,BRD-K00003654
ESR1,2099,BRD-K00003655
PGR,5241,BRD-K00003655
ALOX5,240,BRD-K00003656
PPARG,5468,BRD-K00003656
PTGS1,5742,BRD-K00003656
PTGS2,5743,BRD-K00003656
ADRB2,154,BRD-K00003668
HMGCR,3156,BRD-K00003672
ADRB2,154,BRD-K00003690
CHRM1,1128,BRD-K00003691
KDM1A,23028,BRD-K00003699
MAOA,4128,BRD-K00003699
MAOB,4129,BRD-K00003699
ABCC8,6833,BRD-K00003701
ADRB2,154,BRD-K00003701
KCNJ11,3767,BRD-K00003701
TRHR,7201,BRD-K00003716
GLP1R,2740,BRD-K00003717
ADRB2,154,BRD-K00003719
GRIN2B,2904,BRD-K00004210
NR1H4,9971,BRD-K00004242
ATP4A,495,BRD-K00004280
ATP4B,496,BRD-K00004280
CACNA1B,774,BRD-K00004281
SLC6A2,6530,BRD-K00004287
SLC6A4,6532,BRD-K00004287
CHRM3,1131,BRD-K00004291
CCR5,1234,BRD-K00004293
ATP1A1,476,BRD-K00004302
ABCC1,4363,BRD-K00004525
FPR1,2357,BRD-K00004525
SLC22A12,116085,BRD-K00004525
DRD1,1812,BRD-K00004560
DRD2,1813,BRD-K00004560
HTR1A,3350,BRD-K00004560
HTR2A,3356,BRD-K00004560
PGR,5241,BRD-K00004691
PTGS2,5743,BRD-K00004714
GABBR1,2550,BRD-K00004970
GABBR2,9568,BRD-K00004970
KCNH2,3757,BRD-K00005347
KCNQ1,3784,BRD-K00005347
NR3C1,2908,BRD-K00025439
NR3C1,2908,BRD-K00025572
NR3C1,2908,BRD-K00025599
SERPINA6,866,BRD-K00025599
NR3C1,2908,BRD-K00029602
ESR1,2099,BRD-K00029603
ESR2,2100,BRD-K00029603
MAP1A,4130,BRD-K00029603
MAP2,4133,BRD-K00029603
ESR1,2099,BRD-K00077635
ESR2,2100,BRD-K00077635
MAP1A,4130,BRD-K00077635
MAP2,4133,BRD-K00077635
TOP2A,7153,BRD-K00094013
GLRA1,2741,BRD-K00259736
GLRA2,2742,BRD-K00259736
TUBA1A,7846,BRD-K00259736
TUBA1B,10376,BRD-K00259736
TUBA1C,84790,BRD-K00259736
TUBA3C,7278,BRD-K00259736
TUBA3D,113457,BRD-K00259736
TUBA3E,112714,BRD-K00259736
TUBA4A,7277,BRD-K00259736
TUBB,203068,BRD-K00259736
TUBB1,81027,BRD-K00259736
TUBB2A,7280,BRD-K00259736
TUBB2B,347733,BRD-K00259736
TUBB3,10381,BRD-K00259736
TUBB4A,10382,BRD-K00259736
TUBB4B,10383,BRD-K00259736
TUBB6,84617,BRD-K00259736
TUBB8,347688,BRD-K00259736
TOP2A,7153,BRD-K00494077
HMGCR,3156,BRD-K00495673
ACE,1636,BRD-K00573984
P2RY12,64805,BRD-K00603606
HRH2,3274,BRD-K00673382
CARS,833,BRD-K00795468
CARS2,79587,BRD-K00795468
CBS,875,BRD-K00795468
CDO-1,,BRD-K00795468
CDO1,1036,BRD-K00795468
CSAD,51380,BRD-K00795468
CTH,1491,BRD-K00795468
GCLC,2729,BRD-K00795468
GCLM,2730,BRD-K00795468
GOT1,2805,BRD-K00795468
GSS,2937,BRD-K00795468
MGMT,4255,BRD-K00795468
NFS1,9054,BRD-K00795468
SLC19A3,80704,BRD-K00795468
NR3C1,2908,BRD-K00824317
SERPINA6,866,BRD-K00824317
DRD2,1813,BRD-K00911143
CBR1,873,BRD-K01039503
AKR1D1,6718,BRD-K01095011
SRD5A1,6715,BRD-K01095011
SRD5A2,6716,BRD-K01095011
FCGR1A,2209,BRD-K01292611
FECH,2235,BRD-K01292611
CACNA1I,8911,BRD-K01292756
CALM1,801,BRD-K01292756
DRD1,1812,BRD-K01292756
DRD2,1813,BRD-K01292756
DRD3,1814,BRD-K01292756
DRD4,1815,BRD-K01292756
DRD5,1816,BRD-K01292756
HRH1,3269,BRD-K01292756
HTR1A,3350,BRD-K01292756
HTR2A,3356,BRD-K01292756
KCNA10,3744,BRD-K01292756
KCNH2,3757,BRD-K01292756
NR1I2,8856,BRD-K01507359
SLCO1A2,6579,BRD-K01507359
SLCO1B1,10599,BRD-K01507359
SLCO1B3,28234,BRD-K01507359
ADORA1,134,BRD-K01577834
ADORA2A,135,BRD-K01577834
ADORA2B,136,BRD-K01577834
ADORA3,140,BRD-K01577834
PI4K2A,55361,BRD-K01577834
PI4K2B,55300,BRD-K01577834
TRPM4,54795,BRD-K01577834
ANO1,55107,BRD-K01584643
ADRA2A,150,BRD-K01638814
CHRM1,1128,BRD-K01663662
CHRM2,1129,BRD-K01663662
CHRM3,1131,BRD-K01663662
CHRM4,1132,BRD-K01663662
EPRS,2058,BRD-K01666412
L3HYPDH,112849,BRD-K01666412
P3H1,64175,BRD-K01666412
P3H2,55214,BRD-K01666412
P3H3,10536,BRD-K01666412
P4HA1,5033,BRD-K01666412
P4HA2,8974,BRD-K01666412
PARS2,25973,BRD-K01666412
PPIA,5478,BRD-K01666412
PPIB,5479,BRD-K01666412
PPIC,5480,BRD-K01666412
PPIF,10105,BRD-K01666412
PPIG,9360,BRD-K01666412
PPIH,10465,BRD-K01666412
PRODH,5625,BRD-K01666412
PROSC,11212,BRD-K01666412
PYCR1,5831,BRD-K01666412
PYCR2,29920,BRD-K01666412
PYCRL,65263,BRD-K01666412
SLC6A14,11254,BRD-K01666412
SLC6A7,6534,BRD-K01666412
HRH1,3269,BRD-K01674964
HRH2,3274,BRD-K01674964
HRH3,11255,BRD-K01674964
HRH4,59340,BRD-K01674964
PGR,5241,BRD-K01824969
AHCY,191,BRD-K01824972
AKR1A1,10327,BRD-K01824972
ALDH2,217,BRD-K01824972
BLVRA,644,BRD-K01824972
DHPS,1725,BRD-K01824972
DLD,1738,BRD-K01824972
GALE,2582,BRD-K01824972
HMGCR,3156,BRD-K01824972
HSD17B1,3292,BRD-K01824972
HSD17B4,3295,BRD-K01824972
IMPDH2,3615,BRD-K01824972
MGAM,8972,BRD-K01824972
P2RY11,5032,BRD-K01824972
SORD,6652,BRD-K01824972
TRPM2,7226,BRD-K01824972
CHRM1,1128,BRD-K01824983
CHRM2,1129,BRD-K01824983
CHRM3,1131,BRD-K01824983
CHRM4,1132,BRD-K01824983
CHRM5,1133,BRD-K01824983
KCNH2,3757,BRD-K01824987
KCNQ1,3784,BRD-K01824987
PLA2G1B,5319,BRD-K01824991
CHRM1,1128,BRD-K01825000
CHRM2,1129,BRD-K01825000
CHRM3,1131,BRD-K01825000
CHRM4,1132,BRD-K01825000
CHRM5,1133,BRD-K01825000
ACE,1636,BRD-K01825005
P2RY11,5032,BRD-K01825013
P2RY2,5029,BRD-K01825013
P2RY4,5030,BRD-K01825013
P2RY6,5031,BRD-K01825013
UCK2,7371,BRD-K01825013
ADRA1D,146,BRD-K01825098
ADRB1,153,BRD-K01825098
ADRB2,154,BRD-K01825098
SCN10A,6336,BRD-K01825102
SCN9A,6335,BRD-K01825102
CACNA1C,775,BRD-K01825117
CACNA1D,776,BRD-K01825117
CACNA1F,778,BRD-K01825117
CACNA1S,779,BRD-K01825117
CACNA2D1,781,BRD-K01825117
ADRB2,154,BRD-K01825118
ADRA1A,148,BRD-K01825125
ADRA1B,147,BRD-K01825125
ADRA1D,146,BRD-K01825125
ADRA1A,148,BRD-K01825126
ADRA1B,147,BRD-K01825126
ADRA1D,146,BRD-K01825126
ADRA2A,150,BRD-K01825126
GPRC6A,222545,BRD-K01825132
HRH1,3269,BRD-K01825159
SLC6A2,6530,BRD-K01825162
SLC6A3,6531,BRD-K01825162
SLC6A4,6532,BRD-K01825162
ADRB1,153,BRD-K01825579
ADRB2,154,BRD-K01825579
CHRM1,1128,BRD-K01825580
CHRM2,1129,BRD-K01825580
CHRM3,1131,BRD-K01825580
ADRA1A,148,BRD-K01825585
CACNA1C,775,BRD-K01825587
CACNA1D,776,BRD-K01825587
CYP17A1,1586,BRD-K01825590
ADRB1,153,BRD-K01825592
ADRB2,154,BRD-K01825592
SCN5A,6331,BRD-K01825595
SLC6A2,6530,BRD-K01825598
SLC6A3,6531,BRD-K01825598
SLC6A4,6532,BRD-K01825598
SLC6A2,6530,BRD-K01825599
SLC6A3,6531,BRD-K01825599
SLC6A4,6532,BRD-K01825599
NACHR,,BRD-K01825660
GIRK,,BRD-K01825662
GRIN2B,2904,BRD-K01825662
NR1A,,BRD-K01825662
NR2B,2904,BRD-K01825662
CHRM1,1128,BRD-K01825666
CHRM2,1129,BRD-K01825666
CHRM3,1131,BRD-K01825666
MMP8,4317,BRD-K01825679
CYP19A1,1588,BRD-K01825690
CYP1A2,1544,BRD-K01825690
CYP2B6,1555,BRD-K01825690
CYP2C9,1559,BRD-K01825690
CYP2J2,1573,BRD-K01825690
CYP3A4,1576,BRD-K01825690
CYP3A5,1577,BRD-K01825690
NR1I2,8856,BRD-K01825690
PPARA,5465,BRD-K01825690
PTGER2,5732,BRD-K01825690
PTGS2,5743,BRD-K01825691
ABAT,18,BRD-K01825700
SLC32A1,140679,BRD-K01825700
CYP2J2,1573,BRD-K01825729
PTGS1,5742,BRD-K01825750
PTGS2,5743,BRD-K01825750
ADRB1,153,BRD-K01825817
ADRB2,154,BRD-K01825817
ADRB1,153,BRD-K01825842
SCN5A,6331,BRD-K01826024
HRH1,3269,BRD-K01826026
PDE3A,5139,BRD-K01826269
OPRD1,4985,BRD-K01826304
OPRK1,4986,BRD-K01826304
OPRM1,4988,BRD-K01826304
30S-RIBOSOMAL SUBUNIT,,BRD-K01826328
GABRA1,2554,BRD-K01826330
GABRA2,2555,BRD-K01826330
GABRA3,2556,BRD-K01826330
GABRA5,2558,BRD-K01826330
DDC,1644,BRD-K01826478
HTR3A,3359,BRD-K01826507
HTR3B,9177,BRD-K01826507
HTR3C,170572,BRD-K01826507
HTR3D,200909,BRD-K01826507
HTR3E,285242,BRD-K01826507
HRH1,3269,BRD-K01826510
TRPM2,7226,BRD-K01826511
TRPV5,56302,BRD-K01826511
CFTR,1080,BRD-K01826515
ADRA1A,148,BRD-K01826519
ADRA1B,147,BRD-K01826519
ADRA1D,146,BRD-K01826519
SCN10A,6336,BRD-K01826519
SCN11A,11280,BRD-K01826519
SCN1A,6323,BRD-K01826519
SCN2A,6326,BRD-K01826519
SCN3A,6328,BRD-K01826519
SCN4A,6329,BRD-K01826519
SCN5A,6331,BRD-K01826519
SCN7A,6332,BRD-K01826519
SCN8A,6334,BRD-K01826519
SCN9A,6335,BRD-K01826519
HRH1,3269,BRD-K01826520
CHRM1,1128,BRD-K01826529
CHRM5,1133,BRD-K01826531
ADRB1,153,BRD-K01826535
ADRB2,154,BRD-K01826535
ADRB3,155,BRD-K01826535
ADRB1,153,BRD-K01826541
ADRB2,154,BRD-K01826541
KCNA5,3741,BRD-K01826541
KCNH2,3757,BRD-K01826541
HTR3A,3359,BRD-K01826546
HTR3B,9177,BRD-K01826546
HTR3C,170572,BRD-K01826546
HTR3D,200909,BRD-K01826546
HTR3E,285242,BRD-K01826546
SLC6A2,6530,BRD-K01826548
SLC6A4,6532,BRD-K01826548
CCKAR,886,BRD-K01826553
CCKBR,887,BRD-K01826553
30S-RIBOSOMAL SUBUNIT,,BRD-K01826559
NR1I3,9970,BRD-K01826560
ADRA1A,148,BRD-K01826561
ADRB1,153,BRD-K01826568
ADRB2,154,BRD-K01826568
ADRA1A,148,BRD-K01826569
ADRA1B,147,BRD-K01826569
ADRA1D,146,BRD-K01826569
MAOA,4128,BRD-K01826702
GABBR1,2550,BRD-K01826724
GABBR2,9568,BRD-K01826724
KCTD12,115207,BRD-K01826724
KCTD16,57528,BRD-K01826724
KCTD8,386617,BRD-K01826724
SLC6A2,6530,BRD-K01826729
SLC6A3,6531,BRD-K01826729
ADRB2,154,BRD-K01826731
FFAR1,2864,BRD-K01826734
PPARG,5468,BRD-K01826734
TRPC5,7224,BRD-K01826734
TRPM3,80036,BRD-K01826734
PTGS1,5742,BRD-K01826742
PTGS2,5743,BRD-K01826742
HRH1,3269,BRD-K01826745
PTGS1,5742,BRD-K01826746
PTGS2,5743,BRD-K01826746
CHRM1,1128,BRD-K01826750
HTR3A,3359,BRD-K01826751
HTR3B,9177,BRD-K01826751
ADRB2,154,BRD-K01826763
ATP4A,495,BRD-K01826765
SCN5A,6331,BRD-K01826767
CHRM1,1128,BRD-K01826778
CHRM2,1129,BRD-K01826778
CHRM3,1131,BRD-K01826778
CHRM4,1132,BRD-K01826778
CHRM5,1133,BRD-K01826778
DRD1,1812,BRD-K01826790
DRD4,1815,BRD-K01826790
DRD1,1812,BRD-K01826798
PPARG,5468,BRD-K01826904
TRPM3,80036,BRD-K01826904
CHRM1,1128,BRD-K01827265
CHRM3,1131,BRD-K01827265
ACHE,43,BRD-K01827268
SLC1A2,6506,BRD-K01827268
AKR1B1,231,BRD-K01827279
HRH1,3269,BRD-K01827280
PTGS1,5742,BRD-K01827286
SLC5A8,160728,BRD-K01827286
DRD2,1813,BRD-K01827307
HTR2A,3356,BRD-K01827307
PARP1,142,BRD-K02113016
PARP2,10038,BRD-K02113016
HDAC1,3065,BRD-K02130563
HDAC2,3066,BRD-K02130563
HDAC3,8841,BRD-K02130563
HDAC4,9759,BRD-K02130563
HDAC6,10013,BRD-K02130563
HDAC7,51564,BRD-K02130563
HDAC8,55869,BRD-K02130563
HDAC9,9734,BRD-K02130563
CELA1,1990,BRD-K02152879
ELANE,1991,BRD-K02152879
ADRA1A,148,BRD-K02265150
ADRA1B,147,BRD-K02265150
ADRA1D,146,BRD-K02265150
ADRA2A,150,BRD-K02265150
ADRA2B,151,BRD-K02265150
ADRA2C,152,BRD-K02265150
CHRM1,1128,BRD-K02265150
CHRM2,1129,BRD-K02265150
CHRM3,1131,BRD-K02265150
CHRM4,1132,BRD-K02265150
CHRM5,1133,BRD-K02265150
DRD1,1812,BRD-K02265150
DRD2,1813,BRD-K02265150
DRD3,1814,BRD-K02265150
DRD4,1815,BRD-K02265150
DRD5,1816,BRD-K02265150
GABRA1,2554,BRD-K02265150
GABRA2,2555,BRD-K02265150
GABRA3,2556,BRD-K02265150
GABRA4,2557,BRD-K02265150
GABRA5,2558,BRD-K02265150
GABRA6,2559,BRD-K02265150
GABRB1,2560,BRD-K02265150
GABRB2,2561,BRD-K02265150
GABRB3,2562,BRD-K02265150
GABRD,2563,BRD-K02265150
GABRE,2564,BRD-K02265150
GABRG1,2565,BRD-K02265150
GABRG2,2566,BRD-K02265150
GABRG3,2567,BRD-K02265150
GABRP,2568,BRD-K02265150
GABRQ,55879,BRD-K02265150
HRH1,3269,BRD-K02265150
HRH4,59340,BRD-K02265150
HTR1A,3350,BRD-K02265150
HTR1B,3351,BRD-K02265150
HTR2A,3356,BRD-K02265150
HTR2B,3357,BRD-K02265150
HTR2C,3358,BRD-K02265150
HTR3A,3359,BRD-K02265150
HTR6,3362,BRD-K02265150
HTR7,3363,BRD-K02265150
SLC6A2,6530,BRD-K02265150
SLC6A3,6531,BRD-K02265150
SLC6A4,6532,BRD-K02265150
AR,367,BRD-K02314383
ADORA1,134,BRD-K02404261
ADORA2A,135,BRD-K02404261
ADORA2B,136,BRD-K02404261
ADORA3,140,BRD-K02404261
ATM,472,BRD-K02404261
ITPR1,3708,BRD-K02404261
ITPR2,3709,BRD-K02404261
ITPR3,3710,BRD-K02404261
PDE10A,10846,BRD-K02404261
PDE11A,50940,BRD-K02404261
PDE1A,5136,BRD-K02404261
PDE1B,5153,BRD-K02404261
PDE1C,5137,BRD-K02404261
PDE2A,5138,BRD-K02404261
PDE3A,5139,BRD-K02404261
PDE3B,5140,BRD-K02404261
PDE4A,5141,BRD-K02404261
PDE4B,5142,BRD-K02404261
PDE4C,5143,BRD-K02404261
PDE4D,5144,BRD-K02404261
PDE5A,8654,BRD-K02404261
PDE6A,5145,BRD-K02404261
PDE6B,5158,BRD-K02404261
PDE6C,5146,BRD-K02404261
PDE7A,5150,BRD-K02404261
PDE7B,27115,BRD-K02404261
PDE8A,5151,BRD-K02404261
PDE8B,8622,BRD-K02404261
PDE9A,5152,BRD-K02404261
PIK3CA,5290,BRD-K02404261
PIK3CB,5291,BRD-K02404261
PIK3CD,5293,BRD-K02404261
PRKDC,5591,BRD-K02404261
RYR1,6261,BRD-K02404261
RYR2,6262,BRD-K02404261
RYR3,6263,BRD-K02404261
NR3C1,2908,BRD-K02528732
CYP2C19,1557,BRD-K02594908
CYP2C9,1559,BRD-K02594908
CYP2D6,1565,BRD-K02594908
CYP2E1,1571,BRD-K02594908
CYP3A4,1576,BRD-K02594908
CA12,771,BRD-K02637541
PDPK1,5170,BRD-K02637541
PTGS2,5743,BRD-K02637541
ACHE,43,BRD-K02867583
CHRM1,1128,BRD-K02867583
DRD1,1812,BRD-K02867583
DRD2,1813,BRD-K02867583
HTR2A,3356,BRD-K02867583
HTR2B,3357,BRD-K02867583
HTR2C,3358,BRD-K02867583
MAOA,4128,BRD-K02867583
SLC6A4,6532,BRD-K02867583
VDR,7421,BRD-K02965577
ADRA1A,148,BRD-K02976377
ADRA1B,147,BRD-K02976377
ADRA1D,146,BRD-K02976377
ADRA2A,150,BRD-K02976377
ADRA2B,151,BRD-K02976377
ADRA2C,152,BRD-K02976377
SLC6A2,6530,BRD-K02976377
DRD2,1813,BRD-K02995728
KCNJ11,3767,BRD-K03095347
KCNJ8,3764,BRD-K03095347
PDE3A,5139,BRD-K03095347
TNNC1,7134,BRD-K03095347
PPARA,5465,BRD-K03165895
PPARD,5467,BRD-K03165895
PPARG,5468,BRD-K03165895
PDE4A,5141,BRD-K03194791
PDE4B,5142,BRD-K03194791
PDE4C,5143,BRD-K03194791
PDE4D,5144,BRD-K03194791
TYMS,7298,BRD-K03243820
SLC6A2,6530,BRD-K03319035
NOXO1,124056,BRD-K03353589
MAP2K1,5604,BRD-K03390685
DNMT1,1786,BRD-K03406345
DNMT3A,1788,BRD-K03406345
TUBB,203068,BRD-K03601870
TYR,7299,BRD-K03981224
DRD2,1813,BRD-K04111260
DRD3,1814,BRD-K04111260
HTR1A,3350,BRD-K04111260
PTGS1,5742,BRD-K04112579
PTGS2,5743,BRD-K04112579
DRD1,1812,BRD-K04175245
DRD2,1813,BRD-K04175245
HRH1,3269,BRD-K04175245
HTR2A,3356,BRD-K04175245
SCN10A,6336,BRD-K04185004
SCN10A,6336,BRD-K04196797
SCN11A,11280,BRD-K04196797
SCN1A,6323,BRD-K04196797
SCN2A,6326,BRD-K04196797
SCN3A,6328,BRD-K04196797
SCN4A,6329,BRD-K04196797
SCN5A,6331,BRD-K04196797
SCN7A,6332,BRD-K04196797
SCN8A,6334,BRD-K04196797
SCN9A,6335,BRD-K04196797
TUBA1A,7846,BRD-K04269837
TUBA1B,10376,BRD-K04269837
TUBA1C,84790,BRD-K04269837
TUBA3C,7278,BRD-K04269837
TUBA3D,113457,BRD-K04269837
TUBA3E,112714,BRD-K04269837
TUBA4A,7277,BRD-K04269837
TUBB,203068,BRD-K04269837
TUBB1,81027,BRD-K04269837
TUBB2A,7280,BRD-K04269837
TUBB2B,347733,BRD-K04269837
TUBB3,10381,BRD-K04269837
TUBB4A,10382,BRD-K04269837
TUBB4B,10383,BRD-K04269837
TUBB6,84617,BRD-K04269837
TUBB8,347688,BRD-K04269837
LCT,3938,BRD-K04288422
AR,367,BRD-K04394237
NR3C2,4306,BRD-K04394237
PGR,5241,BRD-K04394237
CHD1,1105,BRD-K04548931
TOP2A,7153,BRD-K04548931
TOP2A,7153,BRD-K04804440
FDPS,2224,BRD-K05185389
AGER,177,BRD-K05319475
DPP4,1803,BRD-K05355328
CHAT,1103,BRD-K05395900
CHRNA10,57053,BRD-K05395900
CHRNA2,1135,BRD-K05395900
CHRNA3,1136,BRD-K05395900
CHRNA4,1137,BRD-K05395900
CHRNA5,1138,BRD-K05395900
CHRNA6,8973,BRD-K05395900
CHRNA7,1139,BRD-K05395900
CHRNA9,55584,BRD-K05395900
CHRNB2,1141,BRD-K05395900
CHRNB3,1142,BRD-K05395900
CHRNB4,1143,BRD-K05395900
CYP19A1,1588,BRD-K05395900
TBXAS1,6916,BRD-K05395900
TRPA1,8989,BRD-K05395900
ADRA1A,148,BRD-K05524748
ADRA1B,147,BRD-K05524748
ADRA1D,146,BRD-K05524748
ADRA2A,150,BRD-K05524748
ADRA2B,151,BRD-K05524748
ADRA2C,152,BRD-K05524748
ADRB1,153,BRD-K05524748
CACNA1C,775,BRD-K05524748
CACNA1D,776,BRD-K05524748
CACNA1F,778,BRD-K05524748
CACNA1S,779,BRD-K05524748
CACNB1,782,BRD-K05524748
CACNB2,783,BRD-K05524748
CACNB3,784,BRD-K05524748
CACNB4,785,BRD-K05524748
KCNA5,3741,BRD-K05524748
KCNH2,3757,BRD-K05524748
KCNK2,3776,BRD-K05524748
SCN1A,6323,BRD-K05524748
ATP2C1,27032,BRD-K05638300
ATP5D,513,BRD-K05638300
GABRA1,2554,BRD-K05638300
GABRA2,2555,BRD-K05638300
GABRA3,2556,BRD-K05638300
GABRA4,2557,BRD-K05638300
GABRA5,2558,BRD-K05638300
GABRA6,2559,BRD-K05638300
GABRB1,2560,BRD-K05638300
GABRB2,2561,BRD-K05638300
GABRB3,2562,BRD-K05638300
GABRD,2563,BRD-K05638300
GABRE,2564,BRD-K05638300
GABRG1,2565,BRD-K05638300
GABRG2,2566,BRD-K05638300
GABRG3,2567,BRD-K05638300
GABRP,2568,BRD-K05638300
GABRQ,55879,BRD-K05638300
GLRA1,2741,BRD-K05638300
GLRB,2743,BRD-K05638300
GRIA1,2890,BRD-K05638300
KCNA1,3736,BRD-K05638300
KCNK10,54207,BRD-K05638300
KCNK18,338567,BRD-K05638300
KCNK2,3776,BRD-K05638300
KCNK3,3777,BRD-K05638300
KCNK9,51305,BRD-K05638300
MT-ND1,4535,BRD-K05638300
SLC5A1,6523,BRD-K05850076
SLC5A2,6524,BRD-K05850076
ATP4A,495,BRD-K05900209
TRPV1,7442,BRD-K05907307
CYP51A1,1595,BRD-K05977355
ARG2,384,BRD-K06033833
ASL,435,BRD-K06033833
ASS1,445,BRD-K06033833
AZIN2,113451,BRD-K06033833
GPRC6A,222545,BRD-K06033833
NOS2,4843,BRD-K06033833
NOS3,4846,BRD-K06033833
SLC7A1,6541,BRD-K06033833
SLC7A3,84889,BRD-K06033833
SLC7A4,6545,BRD-K06033833
ATP2C1,27032,BRD-K06152156
ATP5D,513,BRD-K06152156
GABRA1,2554,BRD-K06152156
GABRA2,2555,BRD-K06152156
GABRA3,2556,BRD-K06152156
GABRA4,2557,BRD-K06152156
GABRA5,2558,BRD-K06152156
GABRA6,2559,BRD-K06152156
GABRB1,2560,BRD-K06152156
GABRB2,2561,BRD-K06152156
GABRB3,2562,BRD-K06152156
GABRD,2563,BRD-K06152156
GABRE,2564,BRD-K06152156
GABRG1,2565,BRD-K06152156
GABRG2,2566,BRD-K06152156
GABRG3,2567,BRD-K06152156
GABRP,2568,BRD-K06152156
GABRQ,55879,BRD-K06152156
GLRA1,2741,BRD-K06152156
GLRB,2743,BRD-K06152156
GRIA1,2890,BRD-K06152156
KCNA1,3736,BRD-K06152156
MT-ND1,4535,BRD-K06152156
CHRM2,1129,BRD-K06181161
CYP3A4,1576,BRD-K06222852
NR1I2,8856,BRD-K06240250
SCN10A,6336,BRD-K06240250
ADRA2A,150,BRD-K06335600
ADRA2B,151,BRD-K06335600
ADRA2C,152,BRD-K06335600
NISCH,11188,BRD-K06335600
ADRA2A,150,BRD-K06388322
ADRA2B,151,BRD-K06388322
ADRA2C,152,BRD-K06388322
DRD1,1812,BRD-K06388322
DRD2,1813,BRD-K06388322
DRD3,1814,BRD-K06388322
DRD4,1815,BRD-K06388322
DRD5,1816,BRD-K06388322
HTR1A,3350,BRD-K06388322
HTR1B,3351,BRD-K06388322
HTR1D,3352,BRD-K06388322
HTR2A,3356,BRD-K06388322
HTR2B,3357,BRD-K06388322
HTR2C,3358,BRD-K06388322
NR3C2,4306,BRD-K06408664
EGLN1,54583,BRD-K06455935
BHMT,635,BRD-K06502269
BHMT2,23743,BRD-K06502269
METAP2,10988,BRD-K06502269
MTR,4548,BRD-K06502269
MTRR,4552,BRD-K06502269
JUN,3725,BRD-K06519765
TUBA1A,7846,BRD-K06519765
TUBB,203068,BRD-K06519765
TUBD1,51174,BRD-K06519765
TUBE1,51175,BRD-K06519765
TUBG1,7283,BRD-K06519765
CYP2C19,1557,BRD-K06557128
CYP2C9,1559,BRD-K06557128
CYP3A4,1576,BRD-K06557128
CYP3A5,1577,BRD-K06557128
PTGS1,5742,BRD-K06557128
ASIC1,41,BRD-K06674495
ASIC2,40,BRD-K06674495
ASIC3,9311,BRD-K06674495
C1R,715,BRD-K06674495
PRSS1,5644,BRD-K06674495
TPSAB1,7177,BRD-K06674495
TRPM7,54822,BRD-K06674495
UGT1A6,54578,BRD-K06878038
HTR2A,3356,BRD-K06895174
HTR3A,3359,BRD-K06895174
HTR4,3360,BRD-K06895174
KCNH2,3757,BRD-K06895174
ABCC9,10060,BRD-K06902185
KCNJ1,3758,BRD-K06902185
KCNJ10,3766,BRD-K06902185
KCNJ11,3767,BRD-K06902185
KCNJ8,3764,BRD-K06902185
PTGS1,5742,BRD-K06902185
ADRA1A,148,BRD-K06980535
ADRA1B,147,BRD-K06980535
ADRA1D,146,BRD-K06980535
CHRM1,1128,BRD-K06980535
CHRM2,1129,BRD-K06980535
CHRM3,1131,BRD-K06980535
CHRM4,1132,BRD-K06980535
CHRM5,1133,BRD-K06980535
DRD1,1812,BRD-K06980535
DRD2,1813,BRD-K06980535
DRD3,1814,BRD-K06980535
DRD4,1815,BRD-K06980535
HRH1,3269,BRD-K06980535
HTR2A,3356,BRD-K06980535
HTR2C,3358,BRD-K06980535
DHFR,1719,BRD-K07208025
TYMS,7298,BRD-K07208025
MAOA,4128,BRD-K07237224
MAOB,4129,BRD-K07237224
TOP2A,7153,BRD-K07265709
TOP2B,7155,BRD-K07265709
APP,351,BRD-K07572174
CA1,759,BRD-K07572174
CA12,771,BRD-K07572174
CA14,23632,BRD-K07572174
CA2,760,BRD-K07572174
CA4,762,BRD-K07572174
CA6,765,BRD-K07572174
CA9,768,BRD-K07572174
CHRM3,1131,BRD-K07572174
CYP3A4,1576,BRD-K07572174
DNMT3B,1789,BRD-K07572174
EP300,2033,BRD-K07572174
MMP13,4322,BRD-K07572174
MMP9,4318,BRD-K07572174
NOS2,4843,BRD-K07572174
PTGS1,5742,BRD-K07572174
PTGS2,5743,BRD-K07572174
XDH,7498,BRD-K07572174
TOP2A,7153,BRD-K07612980
OPRD1,4985,BRD-K07857022
OPRK1,4986,BRD-K07857022
OPRM1,4988,BRD-K07857022
GP9,2815,BRD-K07940445
KCNB2,9312,BRD-K07940445
KCNN4,3783,BRD-K07940445
SLC29A4,222962,BRD-K07940445
CD55,1604,BRD-K08111712
FPGS,2356,BRD-K08151102
TYMS,7298,BRD-K08151102
MTOR,2475,BRD-K08177763
VDR,7421,BRD-K08251020
AKR1C3,8644,BRD-K08252256
ALOX5,240,BRD-K08252256
ASIC1,41,BRD-K08252256
ASIC3,9311,BRD-K08252256
KCNQ2,3785,BRD-K08252256
KCNQ3,3786,BRD-K08252256
PLA2G2A,5320,BRD-K08252256
PPARG,5468,BRD-K08252256
PTGS1,5742,BRD-K08252256
PTGS2,5743,BRD-K08252256
SCN4A,6329,BRD-K08252256
HTR1A,3350,BRD-K08255599
HTR1B,3351,BRD-K08255599
HTR1D,3352,BRD-K08255599
KRT12,3859,BRD-K08273968
ACHE,43,BRD-K08303368
ADRA1A,148,BRD-K08356259
ADRA1B,147,BRD-K08356259
ADRA1D,146,BRD-K08356259
ADRA2A,150,BRD-K08356259
ADRA2B,151,BRD-K08356259
ADRA2C,152,BRD-K08356259
TOP1,7150,BRD-K08547377
TOP1MT,116447,BRD-K08547377
PTGDR2,11251,BRD-K08586861
TBXA2R,6915,BRD-K08586861
ADRA1A,148,BRD-K08619574
ADRA1B,147,BRD-K08619574
DRD1,1812,BRD-K08619574
DRD2,1813,BRD-K08619574
HTR1A,3350,BRD-K08619574
HTR2A,3356,BRD-K08619574
FDPS,2224,BRD-K08681769
ADRB1,153,BRD-K08806317
ADRB2,154,BRD-K08806317
HTR3A,3359,BRD-K08924299
AKR1D1,6718,BRD-K08976401
SRD5A2,6716,BRD-K08976401
TYR,7299,BRD-K08976401
PTGS2,5743,BRD-K09090523
BLVRB,645,BRD-K09229706
DHODH,1723,BRD-K09229706
DPYD,1806,BRD-K09229706
HAO1,54363,BRD-K09229706
HAO2,51179,BRD-K09229706
MT-ND1,4535,BRD-K09229706
NOS1,4842,BRD-K09229706
PNPO,55163,BRD-K09229706
POR,5447,BRD-K09229706
PPCDC,60490,BRD-K09229706
RFK,55312,BRD-K09229706
RPS6KA4,8986,BRD-K09229706
SGK1,6446,BRD-K09229706
OPRK1,4986,BRD-K09255212
HDAC2,3066,BRD-K09416995
HMGCR,3156,BRD-K09416995
ITGAL,3683,BRD-K09416995
NR1I2,8856,BRD-K09416995
TOP2A,7153,BRD-K09471561
ANO1,55107,BRD-K09549677
CACNA1C,775,BRD-K09549677
CACNA1D,776,BRD-K09549677
CACNA1F,778,BRD-K09549677
CACNA1G,8913,BRD-K09549677
CACNA1H,8912,BRD-K09549677
CACNA1I,8911,BRD-K09549677
CACNA1S,779,BRD-K09549677
CACNB1,782,BRD-K09549677
CACNB2,783,BRD-K09549677
CACNB3,784,BRD-K09549677
CACNB4,785,BRD-K09549677
CATSPER1,117144,BRD-K09549677
CATSPER2,117155,BRD-K09549677
CATSPER3,347732,BRD-K09549677
CATSPER4,378807,BRD-K09549677
ADCY2,108,BRD-K09602097
ADCY5,111,BRD-K09602097
GNAS,2778,BRD-K09602097
CYP2B6,1555,BRD-K09631521
CYP3A4,1576,BRD-K09631521
CHRM1,1128,BRD-K09859624
HRH2,3274,BRD-K09859624
BRAF,673,BRD-K09951645
LIMK1,3984,BRD-K09951645
NEK11,79858,BRD-K09951645
RAF1,5894,BRD-K09951645
SIK1,150094,BRD-K09951645
CYP3A4,1576,BRD-K09963420
NR3C1,2908,BRD-K09968782
TOP2A,7153,BRD-K10362825
TOP2B,7155,BRD-K10362825
TUBA1A,7846,BRD-K10384176
TUBA1B,10376,BRD-K10384176
TUBA1C,84790,BRD-K10384176
TUBA3C,7278,BRD-K10384176
TUBA3D,113457,BRD-K10384176
TUBA3E,112714,BRD-K10384176
TUBA4A,7277,BRD-K10384176
TUBB,203068,BRD-K10384176
TUBB1,81027,BRD-K10384176
TUBB2A,7280,BRD-K10384176
TUBB2B,347733,BRD-K10384176
TUBB3,10381,BRD-K10384176
TUBB4A,10382,BRD-K10384176
TUBB4B,10383,BRD-K10384176
TUBB6,84617,BRD-K10384176
TUBB8,347688,BRD-K10384176
ACAT1,38,BRD-K10670311
ALOX5,240,BRD-K10670311
CHUK,1147,BRD-K10670311
IKBKB,3551,BRD-K10670311
PLA2G1B,5319,BRD-K10670311
PPARG,5468,BRD-K10670311
PTGS1,5742,BRD-K10670311
PTGS2,5743,BRD-K10670311
SLC46A1,113235,BRD-K10670311
SLC7A11,23657,BRD-K10670311
TBXAS1,6916,BRD-K10670311
DHPS,1725,BRD-K10671814
ACHE,43,BRD-K10706131
BCHE,590,BRD-K10706131
ACE,1636,BRD-K10784860
NR3C1,2908,BRD-K10799896
PLA2G1B,5319,BRD-K10799896
PTGIS,5740,BRD-K10843433
PTGS1,5742,BRD-K10843433
PTGS2,5743,BRD-K10843433
ATP6V1A,523,BRD-K10845183
MMP2,4313,BRD-K10845183
PTPN1,5770,BRD-K10845183
COMT,1312,BRD-K10852020
ADRA1A,148,BRD-K10906636
ADRA1B,147,BRD-K10906636
ADRA1D,146,BRD-K10906636
PTGFR,5737,BRD-K10961822
CALM1,801,BRD-K10995081
DRD1,1812,BRD-K10995081
DRD2,1813,BRD-K10995081
HRH1,3269,BRD-K10995081
HTR2A,3356,BRD-K10995081
HTR2C,3358,BRD-K10995081
HTR6,3362,BRD-K10995081
HTR7,3363,BRD-K10995081
LPL,4023,BRD-K11129031
PPARA,5465,BRD-K11129031
SLCO1B1,10599,BRD-K11129031
SLCO1B3,28234,BRD-K11129031
SLCO2B1,11309,BRD-K11129031
TOP2A,7153,BRD-K11196887
TYR,7299,BRD-K11227669
ALK,238,BRD-K11267252
MET,4233,BRD-K11267252
ACHE,43,BRD-K11292736
KCNJ8,3764,BRD-K11399644
PRKAA1,5562,BRD-K11399644
AKR1C1,1645,BRD-K11433652
ASIC3,9311,BRD-K11433652
EDNRA,1909,BRD-K11433652
HSPA5,3309,BRD-K11433652
IKBKB,3551,BRD-K11433652
NFKB1,4790,BRD-K11433652
NFKB2,4791,BRD-K11433652
NFKBIA,4792,BRD-K11433652
PRKAA1,5562,BRD-K11433652
PRKAA2,5563,BRD-K11433652
PRKAB1,5564,BRD-K11433652
PRKAB2,5565,BRD-K11433652
PRKAG1,5571,BRD-K11433652
PRKAG2,51422,BRD-K11433652
PRKAG3,53632,BRD-K11433652
PTGS1,5742,BRD-K11433652
PTGS2,5743,BRD-K11433652
RPS6KA3,6197,BRD-K11433652
TP53,7157,BRD-K11433652
ACE,1636,BRD-K11466259
NR3C1,2908,BRD-K11612998
TYMS,7298,BRD-K11630072
ABCC1,4363,BRD-K11717138
HRH1,3269,BRD-K11742128
COMT,1312,BRD-K12102668
MAOA,4128,BRD-K12102668
MAOB,4129,BRD-K12102668
ABCC8,6833,BRD-K12219985
KCNJ10,3766,BRD-K12219985
KCNJ11,3767,BRD-K12219985
PPARG,5468,BRD-K12219985
TUBA4A,7277,BRD-K12251893
TUBB,203068,BRD-K12251893
MAP2K1,5604,BRD-K12343256
MAP2K2,5605,BRD-K12343256
PTGS1,5742,BRD-K12513978
PTGS2,5743,BRD-K12513978
GJA1,2697,BRD-K12765235
GJA10,84694,BRD-K12765235
GJA3,2700,BRD-K12765235
GJA4,2701,BRD-K12765235
GJA5,2702,BRD-K12765235
GJA8,2703,BRD-K12765235
GJA9,81025,BRD-K12765235
GJB1,2705,BRD-K12765235
GJB2,2706,BRD-K12765235
GJB3,2707,BRD-K12765235
GJB4,127534,BRD-K12765235
GJB5,2709,BRD-K12765235
GJB6,10804,BRD-K12765235
GJB7,375519,BRD-K12765235
GJC1,10052,BRD-K12765235
GJC2,57165,BRD-K12765235
GJC3,349149,BRD-K12765235
GJD2,57369,BRD-K12765235
GJD3,125111,BRD-K12765235
GJD4,219770,BRD-K12765235
GJE1,100126572,BRD-K12765235
HSD11B1,3290,BRD-K12765235
PANX1,24145,BRD-K12765235
PANX2,56666,BRD-K12765235
PANX3,116337,BRD-K12765235
ESR1,2099,BRD-K12872829
PGR,5241,BRD-K12872829
SLC6A9,6536,BRD-K12872829
TP53,7157,BRD-K12906202
TUBB,203068,BRD-K12906202
NR3C1,2908,BRD-K12955147
CA12,771,BRD-K12994359
PTGS2,5743,BRD-K12994359
ATP1A1,476,BRD-K13044802
CA1,759,BRD-K13078532
CA12,771,BRD-K13078532
CA2,760,BRD-K13078532
CA4,762,BRD-K13078532
CA9,768,BRD-K13078532
KCNMA1,3778,BRD-K13078532
SLC12A3,6559,BRD-K13078532
CYP2B6,1555,BRD-K13112821
TRDMT1,1787,BRD-K13183738
GABRB3,2562,BRD-K13249881
CNR1,1268,BRD-K13296708
GPR55,9290,BRD-K13296708
CYP3A4,1576,BRD-K13314656
HRH1,3269,BRD-K13314656
CA1,759,BRD-K13356952
CA12,771,BRD-K13356952
CA14,23632,BRD-K13356952
CA2,760,BRD-K13356952
CA4,762,BRD-K13356952
CA7,766,BRD-K13356952
KCNH2,3757,BRD-K13414800
PDE3A,5139,BRD-K13414800
MTOR,2475,BRD-K13514097
ABCB11,8647,BRD-K13533483
CAMLG,819,BRD-K13533483
FPR1,2357,BRD-K13533483
PPIA,5478,BRD-K13533483
PPIF,10105,BRD-K13533483
PPP3CA,5530,BRD-K13533483
PPP3R2,5535,BRD-K13533483
SLC10A1,6554,BRD-K13533483
SLCO1B1,10599,BRD-K13533483
SLCO1B3,28234,BRD-K13533483
CYP3A4,1576,BRD-K13797099
LTF,4057,BRD-K13800121
HDAC1,3065,BRD-K13810148
HDAC2,3066,BRD-K13810148
HDAC3,8841,BRD-K13810148
HDAC4,9759,BRD-K13810148
HDAC5,10014,BRD-K13810148
HDAC6,10013,BRD-K13810148
HDAC7,51564,BRD-K13810148
HDAC8,55869,BRD-K13810148
HDAC9,9734,BRD-K13810148
TOP2A,7153,BRD-K13843533
TOP2B,7155,BRD-K13843533
PDE5A,8654,BRD-K13926615
PDE6G,5148,BRD-K13926615
PDE6H,5149,BRD-K13926615
IDE,3416,BRD-K14079729
CHRM3,1131,BRD-K14127446
CHRM4,1132,BRD-K14127446
DPP4,1803,BRD-K14171291
DDC,1644,BRD-K14349461
PDXK,8566,BRD-K14349461
ADORA1,134,BRD-K14395568
ADORA2A,135,BRD-K14395568
ADORA2B,136,BRD-K14395568
ADORA3,140,BRD-K14395568
ADRA1A,148,BRD-K14496212
ADRA1B,147,BRD-K14496212
ADRA1D,146,BRD-K14496212
ADRA2A,150,BRD-K14496212
ADRA2B,151,BRD-K14496212
ADRA2C,152,BRD-K14496212
DRD1,1812,BRD-K14496212
DRD2,1813,BRD-K14496212
DRD3,1814,BRD-K14496212
DRD4,1815,BRD-K14496212
DRD5,1816,BRD-K14496212
HTR1A,3350,BRD-K14496212
HTR1B,3351,BRD-K14496212
HTR1D,3352,BRD-K14496212
HTR2A,3356,BRD-K14496212
HTR2B,3357,BRD-K14496212
HTR2C,3358,BRD-K14496212
HTR6,3362,BRD-K14496212
HTR7,3363,BRD-K14496212
PGR,5241,BRD-K14619660
OPRD1,4985,BRD-K14681867
OPRM1,4988,BRD-K14681867
SSTR1,6751,BRD-K14681867
SSTR2,6752,BRD-K14681867
SSTR3,6753,BRD-K14681867
SSTR4,6754,BRD-K14681867
SSTR5,6755,BRD-K14681867
GABRA1,2554,BRD-K14993104
HRH1,3269,BRD-K15010214
PLG,5340,BRD-K15014948
CMPK1,51727,BRD-K15108141
RRM1,6240,BRD-K15108141
RRM2,6241,BRD-K15108141
TYMS,7298,BRD-K15108141
PSMA1,5682,BRD-K15179879
PSMA2,5683,BRD-K15179879
PSMA3,5684,BRD-K15179879
PSMA4,5685,BRD-K15179879
PSMA5,5686,BRD-K15179879
PSMA6,5687,BRD-K15179879
PSMA7,5688,BRD-K15179879
PSMA8,143471,BRD-K15179879
PSMB1,5689,BRD-K15179879
PSMB10,5699,BRD-K15179879
PSMB11,122706,BRD-K15179879
PSMB2,5690,BRD-K15179879
PSMB3,5691,BRD-K15179879
PSMB4,5692,BRD-K15179879
PSMB5,5693,BRD-K15179879
PSMB6,5694,BRD-K15179879
PSMB7,5695,BRD-K15179879
PSMB8,5696,BRD-K15179879
PSMB9,5698,BRD-K15179879
PPARG,5468,BRD-K15231341
AR,367,BRD-K15360631
ESR1,2099,BRD-K15360631
ESR2,2100,BRD-K15360631
ADRA1A,148,BRD-K15380626
ADRA1B,147,BRD-K15380626
ADRA1D,146,BRD-K15380626
ADRA2A,150,BRD-K15380626
ADRA2B,151,BRD-K15380626
DRD1,1812,BRD-K15380626
DRD2,1813,BRD-K15380626
DRD5,1816,BRD-K15380626
HTR1A,3350,BRD-K15380626
HTR1B,3351,BRD-K15380626
HTR1D,3352,BRD-K15380626
HTR1E,3354,BRD-K15380626
HTR1F,3355,BRD-K15380626
HTR2A,3356,BRD-K15380626
HTR2B,3357,BRD-K15380626
HTR2C,3358,BRD-K15380626
HTR5A,3361,BRD-K15380626
HTR6,3362,BRD-K15380626
SLC6A2,6530,BRD-K15380626
CACNA1G,8913,BRD-K15409150
PTGS2,5743,BRD-K15426076
CYP1A2,1544,BRD-K15502390
CYP2A6,1548,BRD-K15502390
CYP2B6,1555,BRD-K15502390
CYP2C9,1559,BRD-K15502390
CYP2D6,1565,BRD-K15502390
CYP3A4,1576,BRD-K15502390
CYP3A5,1577,BRD-K15502390
AQP9,366,BRD-K15563106
CLCN3,1182,BRD-K15563106
SLC23A1,9963,BRD-K15563106
PDE10A,10846,BRD-K15567136
PDE4B,5142,BRD-K15567136
PDE5A,8654,BRD-K15567136
AKR1C2,1646,BRD-K15697815
NR1H4,9971,BRD-K15697815
MPO,4353,BRD-K15766189
CYP3A4,1576,BRD-K15916496
KCNN4,3783,BRD-K15916496
NR1I2,8856,BRD-K15916496
NR1I3,9970,BRD-K15916496
TRPM2,7226,BRD-K15916496
TRPM4,54795,BRD-K15916496
TRPM8,79054,BRD-K15916496
ADRA2A,150,BRD-K15933101
ADRA2B,151,BRD-K15933101
ADRA2C,152,BRD-K15933101
DRD1,1812,BRD-K15933101
DRD2,1813,BRD-K15933101
DRD3,1814,BRD-K15933101
DRD4,1815,BRD-K15933101
DRD5,1816,BRD-K15933101
HTR1A,3350,BRD-K15933101
HTR1B,3351,BRD-K15933101
HTR1D,3352,BRD-K15933101
HTR2A,3356,BRD-K15933101
HTR2B,3357,BRD-K15933101
HTR2C,3358,BRD-K15933101
PTGS1,5742,BRD-K16077845
PTGS2,5743,BRD-K16077845
KCNQ1,3784,BRD-K16136380
KCNQ2,3785,BRD-K16136380
KCNQ4,9132,BRD-K16136380
KCNQ5,56479,BRD-K16136380
ADRA1A,148,BRD-K16195444
ADRA1B,147,BRD-K16195444
ADRA1D,146,BRD-K16195444
ADRA2A,150,BRD-K16195444
ADRA2B,151,BRD-K16195444
ADRA2C,152,BRD-K16195444
HTR1B,3351,BRD-K16195444
HTR1D,3352,BRD-K16195444
HTR2C,3358,BRD-K16195444
IL1B,3553,BRD-K16444452
IL6,3569,BRD-K16444452
PDE3A,5139,BRD-K16444452
PDE4A,5141,BRD-K16444452
PDE4B,5142,BRD-K16444452
PDE4C,5143,BRD-K16444452
PDE4D,5144,BRD-K16444452
PDE5A,8654,BRD-K16444452
CHRM2,1129,BRD-K16484091
CHRNA2,1135,BRD-K16484091
HSPA1A,3303,BRD-K16546375
HSPB1,3315,BRD-K16546375
CACNA1G,8913,BRD-K16606819
CACNA1H,8912,BRD-K16606819
CACNA1I,8911,BRD-K16606819
ABL1,25,BRD-K16730910
BRAF,673,BRD-K16730910
DDR2,4921,BRD-K16730910
EPHA2,1969,BRD-K16730910
FGFR1,2260,BRD-K16730910
FGFR2,2263,BRD-K16730910
FLT1,2321,BRD-K16730910
FLT4,2324,BRD-K16730910
FRK,2444,BRD-K16730910
KDR,3791,BRD-K16730910
KIT,3815,BRD-K16730910
MAPK11,5600,BRD-K16730910
NTRK1,4914,BRD-K16730910
PDGFRA,5156,BRD-K16730910
PDGFRB,5159,BRD-K16730910
RAF1,5894,BRD-K16730910
RET,5979,BRD-K16730910
TEK,7010,BRD-K16730910
ESR1,2099,BRD-K17016787
ESR2,2100,BRD-K17016787
OPRK1,4986,BRD-K17075857
PTGS1,5742,BRD-K17219082
ACHE,43,BRD-K17294426
DRD2,1813,BRD-K17294426
ADRA1A,148,BRD-K17311468
HTR1E,3354,BRD-K17311468
TRPA1,8989,BRD-K17458574
CHRNA2,1135,BRD-K17498618
ADRB1,153,BRD-K17561142
CACNA1H,8912,BRD-K17561142
CACNA2D2,9254,BRD-K17561142
KCNA7,3743,BRD-K17561142
KCNH2,3757,BRD-K17561142
HDAC1,3065,BRD-K17743125
HDAC10,83933,BRD-K17743125
HDAC11,79885,BRD-K17743125
HDAC2,3066,BRD-K17743125
HDAC3,8841,BRD-K17743125
HDAC4,9759,BRD-K17743125
HDAC5,10014,BRD-K17743125
HDAC6,10013,BRD-K17743125
HDAC7,51564,BRD-K17743125
HDAC8,55869,BRD-K17743125
HDAC9,9734,BRD-K17743125
HPGDS,27306,BRD-K17849083
HRH1,3269,BRD-K17849083
PTGDR,5729,BRD-K17850764
PTGER1,5731,BRD-K17850764
PTGER3,5733,BRD-K17850764
PTGFR,5737,BRD-K17850764
TBXA2R,6915,BRD-K17850764
MAOA,4128,BRD-K17979676
CA1,759,BRD-K18131774
CA12,771,BRD-K18131774
CA13,377677,BRD-K18131774
CA14,23632,BRD-K18131774
CA2,760,BRD-K18131774
CA3,761,BRD-K18131774
CA4,762,BRD-K18131774
CA5A,763,BRD-K18131774
CA5B,11238,BRD-K18131774
CA6,765,BRD-K18131774
CA7,766,BRD-K18131774
CA9,768,BRD-K18131774
HSD11B1,3290,BRD-K18135438
NR1H4,9971,BRD-K18135438
ADRA1A,148,BRD-K18194590
ADRA1B,147,BRD-K18194590
ADRA1D,146,BRD-K18194590
ADRA2A,150,BRD-K18194590
ADRA2B,151,BRD-K18194590
ADRA2C,152,BRD-K18194590
ADRB1,153,BRD-K18194590
ADRB2,154,BRD-K18194590
ADRB3,155,BRD-K18194590
NR3C1,2908,BRD-K18207669
GRIN1,2902,BRD-K18324993
ADRA2A,150,BRD-K18423410
ADRA2B,151,BRD-K18423410
ADRA2C,152,BRD-K18423410
CYP1A2,1544,BRD-K18574842
CYP3A4,1576,BRD-K18574842
SLC22A6,9356,BRD-K18574842
FOLR2,2350,BRD-K18673820
FOLR3,2352,BRD-K18673820
SLC19A1,6573,BRD-K18673820
SLC46A1,113235,BRD-K18673820
DDC,1644,BRD-K18749874
MAOA,4128,BRD-K18779551
MAOB,4129,BRD-K18779551
CHRNA3,1136,BRD-K18855837
CHRNA4,1137,BRD-K18855837
CHRNA6,8973,BRD-K18855837
CHRNA7,1139,BRD-K18855837
ADRA1A,148,BRD-K18895904
ADRA1B,147,BRD-K18895904
ADRA2A,150,BRD-K18895904
ADRA2B,151,BRD-K18895904
ADRA2C,152,BRD-K18895904
ADRB1,153,BRD-K18895904
ADRB2,154,BRD-K18895904
ADRB3,155,BRD-K18895904
CHRM1,1128,BRD-K18895904
CHRM2,1129,BRD-K18895904
CHRM3,1131,BRD-K18895904
CHRM4,1132,BRD-K18895904
CHRM5,1133,BRD-K18895904
DRD1,1812,BRD-K18895904
DRD2,1813,BRD-K18895904
DRD3,1814,BRD-K18895904
DRD4,1815,BRD-K18895904
DRD5,1816,BRD-K18895904
GABRA1,2554,BRD-K18895904
GABRA2,2555,BRD-K18895904
GABRA3,2556,BRD-K18895904
GABRA4,2557,BRD-K18895904
GABRA5,2558,BRD-K18895904
GABRA6,2559,BRD-K18895904
GABRB1,2560,BRD-K18895904
GABRB2,2561,BRD-K18895904
GABRB3,2562,BRD-K18895904
GABRD,2563,BRD-K18895904
GABRE,2564,BRD-K18895904
GABRG1,2565,BRD-K18895904
GABRG2,2566,BRD-K18895904
GABRG3,2567,BRD-K18895904
GABRP,2568,BRD-K18895904
GABRQ,55879,BRD-K18895904
HRH1,3269,BRD-K18895904
HRH2,3274,BRD-K18895904
HRH4,59340,BRD-K18895904
HTR1A,3350,BRD-K18895904
HTR1B,3351,BRD-K18895904
HTR1D,3352,BRD-K18895904
HTR1E,3354,BRD-K18895904
HTR1F,3355,BRD-K18895904
HTR2A,3356,BRD-K18895904
HTR2B,3357,BRD-K18895904
HTR2C,3358,BRD-K18895904
HTR3A,3359,BRD-K18895904
HTR5A,3361,BRD-K18895904
HTR6,3362,BRD-K18895904
HTR7,3363,BRD-K18895904
ESR1,2099,BRD-K18910433
ESR2,2100,BRD-K18910433
GPER1,2852,BRD-K18910433
KCNMA1,3778,BRD-K18910433
NR1I2,8856,BRD-K18910433
ACHE,43,BRD-K18922609
PPARA,5465,BRD-K19111024
UGT1A9,54600,BRD-K19227686
DRD1,1812,BRD-K19352500
DRD2,1813,BRD-K19352500
DRD3,1814,BRD-K19352500
DRD4,1815,BRD-K19352500
DPP4,1803,BRD-K19416115
GRIA1,2890,BRD-K19456237
GRIA2,2891,BRD-K19456237
GRIA3,2892,BRD-K19456237
GRIA4,2893,BRD-K19456237
ADRA1A,148,BRD-K19462402
NR3C1,2908,BRD-K19507340
PGR,5241,BRD-K19507340
PTGS1,5742,BRD-K19515365
PTGS2,5743,BRD-K19515365
CKB,1152,BRD-K19615002
CKM,1158,BRD-K19615002
CKMT1A,548596,BRD-K19615002
CKMT2,1160,BRD-K19615002
GAMT,2593,BRD-K19615002
SLC6A8,6535,BRD-K19615002
EGFR,1956,BRD-K19687926
ERBB2,2064,BRD-K19687926
P2RY12,64805,BRD-K19706299
PPARD,5467,BRD-K19706299
PTGIR,5739,BRD-K19706299
KCNA5,3741,BRD-K19741547
NR3C2,4306,BRD-K19761926
SMO,6608,BRD-K19796430
HRH2,3274,BRD-K20075662
GRM5,2915,BRD-K20079257
SCN10A,6336,BRD-K20079257
SCN11A,11280,BRD-K20079257
SCN1A,6323,BRD-K20079257
SCN2A,6326,BRD-K20079257
SCN3A,6328,BRD-K20079257
SCN4A,6329,BRD-K20079257
SCN5A,6331,BRD-K20079257
SCN7A,6332,BRD-K20079257
SCN8A,6334,BRD-K20079257
SCN9A,6335,BRD-K20079257
GRIN1,2902,BRD-K20141153
GRIN2A,2903,BRD-K20141153
GRIN2B,2904,BRD-K20141153
GRIN2C,2905,BRD-K20141153
GRIN2D,2906,BRD-K20141153
GRIN3A,116443,BRD-K20141153
GRIN3B,116444,BRD-K20141153
SLC6A2,6530,BRD-K20141153
SLC6A3,6531,BRD-K20141153
SLC6A4,6532,BRD-K20141153
CHRNA2,1135,BRD-K20168442
MCL1,4170,BRD-K20313525
TYR,7299,BRD-K20313525
ADRA1A,148,BRD-K20372197
ADRA1B,147,BRD-K20372197
ADRA1D,146,BRD-K20372197
ADRA2A,150,BRD-K20372197
ADRA2B,151,BRD-K20372197
ADRA2C,152,BRD-K20372197
ADRB1,153,BRD-K20372197
ADRB2,154,BRD-K20372197
ADRB3,155,BRD-K20372197
PAH,5053,BRD-K20372197
AKR1C3,8644,BRD-K20482099
PDE3A,5139,BRD-K20745393
ESR1,2099,BRD-K20801936
ESR2,2100,BRD-K20801936
KCNMA1,3778,BRD-K20920669
S100P,6286,BRD-K20920669
MMP2,4313,BRD-K21045639
MMP9,4318,BRD-K21045639
PDE3A,5139,BRD-K21152241
KCNK10,54207,BRD-K21283037
KCNK2,3776,BRD-K21283037
KCNK4,50801,BRD-K21283037
KCNN4,3783,BRD-K21283037
SCN10A,6336,BRD-K21283037
SCN11A,11280,BRD-K21283037
SCN1A,6323,BRD-K21283037
SCN2A,6326,BRD-K21283037
SCN3A,6328,BRD-K21283037
SCN4A,6329,BRD-K21283037
SCN5A,6331,BRD-K21283037
SCN7A,6332,BRD-K21283037
SCN8A,6334,BRD-K21283037
SCN9A,6335,BRD-K21283037
SLC7A11,23657,BRD-K21283037
CA2,760,BRD-K21450440
NR3C1,2908,BRD-K21528677
PLA2G1B,5319,BRD-K21528677
SCN5A,6331,BRD-K21548250
ADRA2A,150,BRD-K21565985
ADRA2B,151,BRD-K21565985
ADRA2C,152,BRD-K21565985
AGTR1,185,BRD-K21586122
MMP12,4321,BRD-K21615095
TOP2A,7153,BRD-K21680192
ABL1,25,BRD-K21718444
AURKA,6790,BRD-K21718444
AURKB,9212,BRD-K21718444
FLT3,2322,BRD-K21718444
ELN,2006,BRD-K21733600
PTGS2,5743,BRD-K21733600
HRH1,3269,BRD-K21884483
SLC22A6,9356,BRD-K21913543
PTGS1,5742,BRD-K22031190
PTGS2,5743,BRD-K22031190
HMGCR,3156,BRD-K22134346
ITGB2,3689,BRD-K22134346
ALK,238,BRD-K22149900
FLT3,2322,BRD-K22149900
IGF1R,3480,BRD-K22149900
INSR,3643,BRD-K22149900
TSSK1B,83942,BRD-K22149900
HRH2,3274,BRD-K22421059
ALDH1A1,216,BRD-K22429181
ALDH1A2,8854,BRD-K22429181
ALDH1A3,220,BRD-K22429181
DHRS3,9249,BRD-K22429181
DHRS4,10901,BRD-K22429181
LRAT,9227,BRD-K22429181
NR2C2,7182,BRD-K22429181
RBP1,5947,BRD-K22429181
RBP3,5949,BRD-K22429181
RDH11,51109,BRD-K22429181
RDH12,145226,BRD-K22429181
RDH13,112724,BRD-K22429181
RDH14,57665,BRD-K22429181
RDH5,5959,BRD-K22429181
RDH8,50700,BRD-K22429181
RETSAT,54884,BRD-K22429181
RHO,6010,BRD-K22429181
RLBP1,6017,BRD-K22429181
RXRA,6256,BRD-K22429181
RXRB,6257,BRD-K22429181
RXRG,6258,BRD-K22429181
KCNA1,3736,BRD-K22482860
KCNA10,3744,BRD-K22482860
KCNA2,3737,BRD-K22482860
KCNA3,3738,BRD-K22482860
KCNA4,3739,BRD-K22482860
KCNA5,3741,BRD-K22482860
KCNA6,3742,BRD-K22482860
KCNA7,3743,BRD-K22482860
KCNB1,3745,BRD-K22482860
KCNB2,9312,BRD-K22482860
KCNC1,3746,BRD-K22482860
KCNC2,3747,BRD-K22482860
KCNC3,3748,BRD-K22482860
KCNC4,3749,BRD-K22482860
KCND1,3750,BRD-K22482860
KCND2,3751,BRD-K22482860
KCND3,3752,BRD-K22482860
KCNF1,3754,BRD-K22482860
KCNG1,3755,BRD-K22482860
KCNG2,26251,BRD-K22482860
KCNG3,170850,BRD-K22482860
KCNG4,93107,BRD-K22482860
KCNH1,3756,BRD-K22482860
KCNH2,3757,BRD-K22482860
KCNH3,23416,BRD-K22482860
KCNH4,23415,BRD-K22482860
KCNH5,27133,BRD-K22482860
KCNH6,81033,BRD-K22482860
KCNH7,90134,BRD-K22482860
KCNH8,131096,BRD-K22482860
KCNJ13,3769,BRD-K22482860
KCNJ5,3762,BRD-K22482860
KCNQ1,3784,BRD-K22482860
KCNQ2,3785,BRD-K22482860
KCNQ3,3786,BRD-K22482860
KCNQ4,9132,BRD-K22482860
KCNQ5,56479,BRD-K22482860
KCNS1,3787,BRD-K22482860
KCNS2,3788,BRD-K22482860
KCNS3,3790,BRD-K22482860
KCNV1,27012,BRD-K22482860
KCNV2,169522,BRD-K22482860
INS,3630,BRD-K22518984
HRH1,3269,BRD-K22556255
HRH1,3269,BRD-K22936972
SLC6A3,6531,BRD-K22936972
NEU2,4759,BRD-K23067689
AR,367,BRD-K23566484
TTR,7276,BRD-K23728141
TACR1,6869,BRD-K23848629
CA1,759,BRD-K23913458
CA12,771,BRD-K23913458
CA14,23632,BRD-K23913458
CA2,760,BRD-K23913458
CA4,762,BRD-K23913458
CA6,765,BRD-K23913458
CA9,768,BRD-K23913458
CYP2A6,1548,BRD-K23913458
PTGFR,5737,BRD-K23976833
BRAF,673,BRD-K23984367
DDR2,4921,BRD-K23984367
FGFR1,2260,BRD-K23984367
FLT1,2321,BRD-K23984367
FLT3,2322,BRD-K23984367
FLT4,2324,BRD-K23984367
KDR,3791,BRD-K23984367
KIT,3815,BRD-K23984367
PDGFRB,5159,BRD-K23984367
RAF1,5894,BRD-K23984367
RET,5979,BRD-K23984367
CACNA1C,775,BRD-K24023109
CACNA1S,779,BRD-K24023109
CACNA2D1,781,BRD-K24023109
CACNG1,786,BRD-K24023109
HTR3A,3359,BRD-K24023109
KCNA5,3741,BRD-K24023109
CYP17A1,1586,BRD-K24048528
SLC6A2,6530,BRD-K24219278
SLC6A4,6532,BRD-K24219278
ACHE,43,BRD-K24221957
BCHE,590,BRD-K24221957
NR3C1,2908,BRD-K24452555
GRIA1,2890,BRD-K24548560
PTPN1,5770,BRD-K24548560
CHRNA2,1135,BRD-K24616672
GRIN3A,116443,BRD-K24616672
HTR3A,3359,BRD-K24616672
KCNMA1,3778,BRD-K24616672
KCNMB1,3779,BRD-K24616672
KCNMB2,10242,BRD-K24616672
KCNMB3,27094,BRD-K24616672
KCNMB4,27345,BRD-K24616672
KCNN1,3780,BRD-K24616672
KCNN2,3781,BRD-K24616672
KCNN3,3782,BRD-K24616672
KCNN4,3783,BRD-K24616672
MAOA,4128,BRD-K24616672
MAOB,4129,BRD-K24616672
RYR1,6261,BRD-K24616672
RYR2,6262,BRD-K24616672
SCN10A,6336,BRD-K24616672
SLC6A3,6531,BRD-K24616672
DPYD,1806,BRD-K24844714
TYMS,7298,BRD-K24844714
PTGER1,5731,BRD-K25015158
PGD,5226,BRD-K25106841
AARS,16,BRD-K25125382
AARS2,57505,BRD-K25125382
ABAT,18,BRD-K25125382
AGXT,189,BRD-K25125382
AGXT2,64902,BRD-K25125382
GPRC6A,222545,BRD-K25125382
GPT,2875,BRD-K25125382
GPT2,84706,BRD-K25125382
KYNU,8942,BRD-K25125382
NFS1,9054,BRD-K25125382
PHYKPL,85007,BRD-K25125382
SLC1A4,6509,BRD-K25125382
SLC36A1,206358,BRD-K25125382
SLC7A8,23428,BRD-K25125382
AVPR1A,552,BRD-K25243230
AVPR1B,553,BRD-K25243230
AVPR2,554,BRD-K25243230
OXTR,5021,BRD-K25243230
PTGS1,5742,BRD-K25394294
PTGS2,5743,BRD-K25394294
DHFR,1719,BRD-K25494650
ACHE,43,BRD-K25650355
BCHE,590,BRD-K25650355
AGTR1,185,BRD-K25723200
AGTR2,186,BRD-K25723200
P2RY12,64805,BRD-K25838957
DRD2,1813,BRD-K25943794
HTR2A,3356,BRD-K25943794
VKORC1,79001,BRD-K25991148
NR3C2,4306,BRD-K26024145
GABRA1,2554,BRD-K26262077
GABRA2,2555,BRD-K26262077
GABRA3,2556,BRD-K26262077
GABRA4,2557,BRD-K26262077
GABRA5,2558,BRD-K26262077
GABRA6,2559,BRD-K26262077
GABRB1,2560,BRD-K26262077
GABRB2,2561,BRD-K26262077
GABRB3,2562,BRD-K26262077
GABRD,2563,BRD-K26262077
GABRE,2564,BRD-K26262077
GABRG1,2565,BRD-K26262077
GABRG2,2566,BRD-K26262077
GABRG3,2567,BRD-K26262077
GABRP,2568,BRD-K26262077
GABRQ,55879,BRD-K26262077
GRIN1,2902,BRD-K26262077
GRIN2A,2903,BRD-K26262077
GRIN2B,2904,BRD-K26262077
GRIN2C,2905,BRD-K26262077
GRIN2D,2906,BRD-K26262077
GRIN3A,116443,BRD-K26262077
GRIN3B,116444,BRD-K26262077
GRM5,2915,BRD-K26262077
PTGS1,5742,BRD-K26404903
PTGS2,5743,BRD-K26404903
CATSPER1,117144,BRD-K26521938
CATSPER2,117155,BRD-K26521938
CATSPER3,347732,BRD-K26521938
CATSPER4,378807,BRD-K26521938
PTGDR,5729,BRD-K26521938
PTGDR2,11251,BRD-K26521938
PTGER1,5731,BRD-K26521938
PTGER2,5732,BRD-K26521938
PTGER3,5733,BRD-K26521938
PTGER4,5734,BRD-K26521938
PTGFR,5737,BRD-K26521938
TBXA2R,6915,BRD-K26521938
GABRA1,2554,BRD-K26619122
GABRB2,2561,BRD-K26619122
GABRG2,2566,BRD-K26619122
GLRA1,2741,BRD-K26619122
GLRB,2743,BRD-K26619122
TLR7,51284,BRD-K26657438
TLR8,51311,BRD-K26657438
DRD2,1813,BRD-K26801045
HRH1,3269,BRD-K26801045
HTR1A,3350,BRD-K26801045
HTR1B,3351,BRD-K26801045
HTR1D,3352,BRD-K26801045
HTR2A,3356,BRD-K26801045
CYP1B1,1545,BRD-K26862302
PTGS1,5742,BRD-K26901728
PTGS2,5743,BRD-K26901728
ESR1,2099,BRD-K27062708
ESR2,2100,BRD-K27062708
HRH1,3269,BRD-K27184429
VDR,7421,BRD-K27316855
PGR,5241,BRD-K27351809
SLC12A3,6559,BRD-K27393415
P2RY12,64805,BRD-K27721098
DRD2,1813,BRD-K27898013
HTR1B,3351,BRD-K27898013
HTR4,3360,BRD-K27898013
HTR3A,3359,BRD-K28029915
ADRA1A,148,BRD-K28143534
ADRA1B,147,BRD-K28143534
ADRA1D,146,BRD-K28143534
CHRM1,1128,BRD-K28143534
CHRM2,1129,BRD-K28143534
CHRM3,1131,BRD-K28143534
HRH1,3269,BRD-K28143534
HTR2A,3356,BRD-K28143534
HTR2C,3358,BRD-K28143534
HTR6,3362,BRD-K28143534
HTR7,3363,BRD-K28143534
DHFR,1719,BRD-K28183345
CNR1,1268,BRD-K28224173
AHR,196,BRD-K28307902
AR,367,BRD-K28307902
CYP2C8,1558,BRD-K28346421
CYP2C9,1559,BRD-K28346421
CYP3A4,1576,BRD-K28346421
HDAC10,83933,BRD-K28537285
HDAC3,8841,BRD-K28537285
ACE,1636,BRD-K28550399
FASN,2194,BRD-K28667793
PTGS1,5742,BRD-K28687144
PTGS2,5743,BRD-K28687144
ADRA1A,148,BRD-K28761384
ADRA2A,150,BRD-K28761384
DRD1,1812,BRD-K28761384
DRD2,1813,BRD-K28761384
DRD5,1816,BRD-K28761384
HRH1,3269,BRD-K28761384
HTR2A,3356,BRD-K28761384
MTNR1A,4543,BRD-K28761891
MTNR1B,4544,BRD-K28761891
ALOX5,240,BRD-K28849549
CHUK,1147,BRD-K28849549
IKBKB,3551,BRD-K28849549
MPO,4353,BRD-K28849549
PPARG,5468,BRD-K28849549
PTGS1,5742,BRD-K28849549
PTGS2,5743,BRD-K28849549
BST1,683,BRD-K28912512
LDHA,3939,BRD-K28912512
PARP1,142,BRD-K28912512
SIRT5,23408,BRD-K28912512
HRH1,3269,BRD-K28936863
KCNA10,3744,BRD-K29113274
JAK2,3717,BRD-K29254801
MTOR,2475,BRD-K29415052
PIK3CA,5290,BRD-K29415052
PIK3CB,5291,BRD-K29415052
PIK3CG,5294,BRD-K29415052
ACE,1636,BRD-K29462201
SLC18A2,6571,BRD-K29462201
FGF1,2246,BRD-K29530284
IL3,3562,BRD-K29530284
PDE4A,5141,BRD-K29530284
PDE4B,5142,BRD-K29530284
PDE4C,5143,BRD-K29530284
PDE4D,5144,BRD-K29530284
S100A12,6283,BRD-K29530284
S100A13,6284,BRD-K29530284
GAST,2520,BRD-K29570907
ADRA1A,148,BRD-K29582115
ADRA1B,147,BRD-K29582115
ADRA2A,150,BRD-K29582115
ADRA2B,151,BRD-K29582115
ADRA2C,152,BRD-K29582115
CHRM1,1128,BRD-K29582115
CHRM2,1129,BRD-K29582115
CHRM3,1131,BRD-K29582115
CHRM4,1132,BRD-K29582115
CHRM5,1133,BRD-K29582115
DRD1,1812,BRD-K29582115
DRD2,1813,BRD-K29582115
DRD3,1814,BRD-K29582115
DRD4,1815,BRD-K29582115
DRD5,1816,BRD-K29582115
HRH1,3269,BRD-K29582115
HTR1A,3350,BRD-K29582115
HTR1B,3351,BRD-K29582115
HTR1D,3352,BRD-K29582115
HTR1E,3354,BRD-K29582115
HTR2A,3356,BRD-K29582115
HTR2C,3358,BRD-K29582115
HTR3A,3359,BRD-K29582115
HTR6,3362,BRD-K29582115
HTR7,3363,BRD-K29582115
SLC6A4,6532,BRD-K29582115
CACNA1G,8913,BRD-K29582677
CACNA1H,8912,BRD-K29582677
CACNA1I,8911,BRD-K29582677
CALM1,801,BRD-K29582677
HRH1,3269,BRD-K29582677
CHRM1,1128,BRD-K29626940
CHRM3,1131,BRD-K29626940
CA1,759,BRD-K29653726
CA12,771,BRD-K29653726
CA2,760,BRD-K29653726
CA4,762,BRD-K29653726
CA7,766,BRD-K29653726
GABRA1,2554,BRD-K29653726
GABRA2,2555,BRD-K29653726
GABRA3,2556,BRD-K29653726
GABRA4,2557,BRD-K29653726
GABRA5,2558,BRD-K29653726
GABRA6,2559,BRD-K29653726
GABRB1,2560,BRD-K29653726
GABRB2,2561,BRD-K29653726
GABRB3,2562,BRD-K29653726
GABRD,2563,BRD-K29653726
GABRE,2564,BRD-K29653726
GABRG1,2565,BRD-K29653726
GABRG2,2566,BRD-K29653726
GABRG3,2567,BRD-K29653726
GABRP,2568,BRD-K29653726
GABRQ,55879,BRD-K29653726
GRIA1,2890,BRD-K29653726
GRIA2,2891,BRD-K29653726
GRIA3,2892,BRD-K29653726
GRIA4,2893,BRD-K29653726
GRIK1,2897,BRD-K29653726
GRIK2,2898,BRD-K29653726
GRIK3,2899,BRD-K29653726
GRIK4,2900,BRD-K29653726
GRIK5,2901,BRD-K29653726
SCN10A,6336,BRD-K29653726
SCN11A,11280,BRD-K29653726
SCN1A,6323,BRD-K29653726
SCN2A,6326,BRD-K29653726
SCN3A,6328,BRD-K29653726
SCN4A,6329,BRD-K29653726
SCN5A,6331,BRD-K29653726
SCN7A,6332,BRD-K29653726
SCN8A,6334,BRD-K29653726
SCN9A,6335,BRD-K29653726
SIGMAR1,10280,BRD-K29812331
CSF1,1435,BRD-K29905972
FLT1,2321,BRD-K29905972
FLT4,2324,BRD-K29905972
KDR,3791,BRD-K29905972
PLK4,10733,BRD-K29905972
IL1B,3553,BRD-K29918010
ESR1,2099,BRD-K29950728
ACHE,43,BRD-K29996876
REN,5972,BRD-K30020243
PNLIP,5406,BRD-K30177383
CLCN1,1180,BRD-K30213273
PPARA,5465,BRD-K30213273
HRH1,3269,BRD-K30240666
SRD5A1,6715,BRD-K30373883
SRD5A2,6716,BRD-K30373883
SRD5A3,79644,BRD-K30373883
NR3C1,2908,BRD-K30468934
SLC12A1,6557,BRD-K30480208
DGAT1,8694,BRD-K30553453
MTTP,4547,BRD-K30553453
SOAT1,6646,BRD-K30553453
SOAT2,8435,BRD-K30553453
BCL2,596,BRD-K30577245
MAP2,4133,BRD-K30577245
MAP4,4134,BRD-K30577245
MAPT,4137,BRD-K30577245
NR1I2,8856,BRD-K30577245
TUBA1A,7846,BRD-K30577245
TUBA1B,10376,BRD-K30577245
TUBA1C,84790,BRD-K30577245
TUBA3C,7278,BRD-K30577245
TUBA3D,113457,BRD-K30577245
TUBA3E,112714,BRD-K30577245
TUBA4A,7277,BRD-K30577245
TUBB,203068,BRD-K30577245
TUBB1,81027,BRD-K30577245
TUBB2A,7280,BRD-K30577245
TUBB2B,347733,BRD-K30577245
TUBB3,10381,BRD-K30577245
TUBB4A,10382,BRD-K30577245
TUBB4B,10383,BRD-K30577245
TUBB6,84617,BRD-K30577245
TUBB8,347688,BRD-K30577245
CHRNA2,1135,BRD-K30634073
OPRM1,4988,BRD-K30634073
CA12,771,BRD-K30649484
CA14,23632,BRD-K30649484
CA2,760,BRD-K30649484
CA4,762,BRD-K30649484
CA6,765,BRD-K30649484
CA9,768,BRD-K30649484
HTR1A,3350,BRD-K30652337
HTR1B,3351,BRD-K30652337
HTR1D,3352,BRD-K30652337
HTR1E,3354,BRD-K30652337
HTR1F,3355,BRD-K30652337
HTR2B,3357,BRD-K30652337
HTR7,3363,BRD-K30652337
THRA,7067,BRD-K30685142
THRB,7068,BRD-K30685142
NR3C1,2908,BRD-K30697463
PLA2G1B,5319,BRD-K30697463
HRH2,3274,BRD-K30816563
KEAP1,9817,BRD-K31111078
JAK1,3716,BRD-K31283835
JAK2,3717,BRD-K31283835
JAK3,3718,BRD-K31283835
NR3C1,2908,BRD-K31627533
SERPINA6,866,BRD-K31627533
EGFR,1956,BRD-K31698212
HRH1,3269,BRD-K31731454
ADRB1,153,BRD-K31812033
ADRB2,154,BRD-K31812033
ADRB3,155,BRD-K31812033
ESR1,2099,BRD-K31920458
TOP1,7150,BRD-K31965398
TOP2A,7153,BRD-K31965398
CMPK1,51727,BRD-K32007074
RRM1,6240,BRD-K32007074
TYMS,7298,BRD-K32007074
MGMT,4255,BRD-K32107296
ABCC8,6833,BRD-K32164935
KCNJ1,3758,BRD-K32164935
KCNJ10,3766,BRD-K32164935
KCNJ11,3767,BRD-K32164935
CHRNA4,1137,BRD-K32247306
CHRNA7,1139,BRD-K32247306
GABRA1,2554,BRD-K32247306
GABRA2,2555,BRD-K32247306
GABRA3,2556,BRD-K32247306
GABRA4,2557,BRD-K32247306
GABRA5,2558,BRD-K32247306
GABRA6,2559,BRD-K32247306
GABRB1,2560,BRD-K32247306
GABRB2,2561,BRD-K32247306
GABRB3,2562,BRD-K32247306
GABRD,2563,BRD-K32247306
GABRE,2564,BRD-K32247306
GABRG1,2565,BRD-K32247306
GABRG2,2566,BRD-K32247306
GABRG3,2567,BRD-K32247306
GABRP,2568,BRD-K32247306
GABRQ,55879,BRD-K32247306
GRIA2,2891,BRD-K32247306
GRIK2,2898,BRD-K32247306
SCN10A,6336,BRD-K32247306
SCN11A,11280,BRD-K32247306
SCN1A,6323,BRD-K32247306
SCN2A,6326,BRD-K32247306
SCN3A,6328,BRD-K32247306
SCN4A,6329,BRD-K32247306
SCN5A,6331,BRD-K32247306
SCN7A,6332,BRD-K32247306
SCN8A,6334,BRD-K32247306
SCN9A,6335,BRD-K32247306
PNP,4860,BRD-K32318651
ALDH2,217,BRD-K32744045
DBH,1621,BRD-K32744045
ATP4A,495,BRD-K32768103
AKT1,207,BRD-K32786395
CCND1,595,BRD-K32786395
IKBKB,3551,BRD-K32786395
JUN,3725,BRD-K32786395
MAPK1,5594,BRD-K32786395
MAPK3,5595,BRD-K32786395
TXNRD1,7296,BRD-K32786395
HPRT1,3251,BRD-K32821942
IMPDH1,3614,BRD-K32821942
PPAT,5471,BRD-K32821942
ADRA2A,150,BRD-K32830106
ADRA2B,151,BRD-K32830106
ADRA2C,152,BRD-K32830106
ATIC,471,BRD-K32842773
DHFR,1719,BRD-K32842773
GART,2618,BRD-K32842773
TYMS,7298,BRD-K32842773
AR,367,BRD-K32977963
POLA1,5422,BRD-K33106058
POLB,5423,BRD-K33106058
POLD1,5424,BRD-K33106058
POLE,5426,BRD-K33106058
RARA,5914,BRD-K33127281
RARB,5915,BRD-K33127281
RARG,5916,BRD-K33127281
RXRA,6256,BRD-K33127281
RXRB,6257,BRD-K33127281
RXRG,6258,BRD-K33127281
ADRA1A,148,BRD-K33133047
ADRA1B,147,BRD-K33133047
ADRA1D,146,BRD-K33133047
CHRNA2,1135,BRD-K33211335
CHRNA3,1136,BRD-K33211335
CHRNA4,1137,BRD-K33211335
CHRNA7,1139,BRD-K33211335
CHRNB2,1141,BRD-K33211335
CHRNB4,1143,BRD-K33211335
CYBA,1535,BRD-K33211335
CYBB,1536,BRD-K33211335
GRIN3A,116443,BRD-K33211335
NCF1,653361,BRD-K33211335
NCF2,4688,BRD-K33211335
NCF4,4689,BRD-K33211335
OPRD1,4985,BRD-K33211335
OPRK1,4986,BRD-K33211335
OPRM1,4988,BRD-K33211335
PGRMC1,10857,BRD-K33211335
RAC1,5879,BRD-K33211335
RAC2,5880,BRD-K33211335
SIGMAR1,10280,BRD-K33211335
SLC6A2,6530,BRD-K33211335
SLC6A4,6532,BRD-K33211335
CYP3A4,1576,BRD-K33226500
CYP3A5,1577,BRD-K33226500
CYP3A7,1551,BRD-K33226500
ACKR3,57007,BRD-K33240821
CCR4,1233,BRD-K33240821
CXCR4,7852,BRD-K33240821
UGCG,7357,BRD-K33251802
ATP1A1,476,BRD-K33277808
ADRA1A,148,BRD-K33335792
ADRA2A,150,BRD-K33335792
CYP19A1,1588,BRD-K33425534
HRH1,3269,BRD-K33453211
NTSR2,23620,BRD-K33453211
ACHE,43,BRD-K33588785
DRD4,1815,BRD-K33637378
HTR1A,3350,BRD-K33637378
HTR2A,3356,BRD-K33637378
HTR4,3360,BRD-K33681278
PTGER3,5733,BRD-K33682646
GSTP1,2950,BRD-K33809398
CLCN2,1181,BRD-K33814251
HCN1,348980,BRD-K33972682
HCN3,57657,BRD-K33972682
HCN4,10021,BRD-K33972682
POLA1,5422,BRD-K34022604
POLD1,5424,BRD-K34022604
POLE,5426,BRD-K34022604
RRM1,6240,BRD-K34022604
RRM2,6241,BRD-K34022604
RRM2B,50484,BRD-K34022604
NR3C1,2908,BRD-K34032314
CYP3A4,1576,BRD-K34068325
CYP2C9,1559,BRD-K34098590
SLC12A1,6557,BRD-K34098590
HRH2,3274,BRD-K34157611
SLC29A4,222962,BRD-K34157611
SLC47A1,55244,BRD-K34157611
SLC47A2,146802,BRD-K34157611
DRD2,1813,BRD-K34415467
ACE,1636,BRD-K34441861
ACE2,59272,BRD-K34441861
ADRB2,154,BRD-K34469523
DRD1,1812,BRD-K34685430
HTR1E,3354,BRD-K34685430
HTR1F,3355,BRD-K34685430
HTR2A,3356,BRD-K34685430
HTR2B,3357,BRD-K34685430
HTR2C,3358,BRD-K34685430
DDC,1644,BRD-K34730807
DRD1,1812,BRD-K34730807
DRD2,1813,BRD-K34730807
DRD3,1814,BRD-K34730807
DRD4,1815,BRD-K34730807
DRD5,1816,BRD-K34730807
GPR143,4935,BRD-K34730807
ABCC8,6833,BRD-K34776109
KCNJ1,3758,BRD-K34776109
KCNJ11,3767,BRD-K34776109
EDNRA,1909,BRD-K34843150
EDNRB,1910,BRD-K34843150
ADORA1,134,BRD-K34888156
ADORA2A,135,BRD-K34888156
PDE4B,5142,BRD-K34888156
ADRA1A,148,BRD-K35034482
PGR,5241,BRD-K35189033
NR3C1,2908,BRD-K35240538
NR3C1,2908,BRD-K35245662
SERPINA6,866,BRD-K35245662
BCL2,596,BRD-K35458079
PGD,5226,BRD-K35520305
POLA2,23649,BRD-K35520305
ADRA1A,148,BRD-K35559145
ADRA1B,147,BRD-K35559145
ADRA1D,146,BRD-K35559145
ADRA2A,150,BRD-K35559145
ADRA2B,151,BRD-K35559145
ADRA2C,152,BRD-K35559145
CHRM1,1128,BRD-K35559145
CHRM2,1129,BRD-K35559145
CHRM3,1131,BRD-K35559145
CHRM4,1132,BRD-K35559145
CHRM5,1133,BRD-K35559145
DRD1,1812,BRD-K35559145
DRD2,1813,BRD-K35559145
DRD3,1814,BRD-K35559145
DRD4,1815,BRD-K35559145
DRD5,1816,BRD-K35559145
HRH1,3269,BRD-K35559145
HTR2A,3356,BRD-K35559145
HTR2C,3358,BRD-K35559145
ADRA2A,150,BRD-K35586044
ADRA2B,151,BRD-K35586044
ADRA2C,152,BRD-K35586044
DRD2,1813,BRD-K35586044
DRD3,1814,BRD-K35586044
HTR1A,3350,BRD-K35586044
HTR1B,3351,BRD-K35586044
HTR1D,3352,BRD-K35586044
HTR1E,3354,BRD-K35586044
HTR1F,3355,BRD-K35586044
HTR2A,3356,BRD-K35586044
HTR2B,3357,BRD-K35586044
HTR2C,3358,BRD-K35586044
HTR5A,3361,BRD-K35586044
HTR7,3363,BRD-K35586044
KCNJ1,3758,BRD-K35586044
KCNJ10,3766,BRD-K35586044
KCNJ11,3767,BRD-K35586044
KCNJ12,3768,BRD-K35586044
KCNJ14,3770,BRD-K35586044
KCNJ15,3772,BRD-K35586044
KCNJ8,3764,BRD-K35586044
DPYD,1806,BRD-K35687421
DRD1,1812,BRD-K35719256
DRD2,1813,BRD-K35719256
DRD3,1814,BRD-K35719256
HTR1A,3350,BRD-K35719256
HTR1B,3351,BRD-K35941380
HTR1D,3352,BRD-K35941380
HTR1E,3354,BRD-K35941380
HTR1F,3355,BRD-K35941380
HTR2A,3356,BRD-K35941380
HTR2B,3357,BRD-K35941380
HTR2C,3358,BRD-K35941380
HTR5A,3361,BRD-K35941380
HTR6,3362,BRD-K35941380
HTR7,3363,BRD-K35941380
STAT3,6774,BRD-K35960502
CHRM1,1128,BRD-K36207157
CHRM2,1129,BRD-K36207157
CHRM3,1131,BRD-K36207157
CHRM4,1132,BRD-K36207157
CHRM5,1133,BRD-K36207157
DRD1,1812,BRD-K36207157
DRD2,1813,BRD-K36207157
DRD3,1814,BRD-K36207157
HRH1,3269,BRD-K36207157
HTR2A,3356,BRD-K36207157
HTR2B,3357,BRD-K36207157
HTR2C,3358,BRD-K36207157
GSR,2936,BRD-K36234266
DPP4,1803,BRD-K36407194
RARA,5914,BRD-K36627727
RARB,5915,BRD-K36627727
HDAC10,83933,BRD-K36660044
HDAC6,10013,BRD-K36660044
HRH1,3269,BRD-K36732695
HTR2A,3356,BRD-K36732695
HTR2C,3358,BRD-K36732695
NOS3,4846,BRD-K36859431
PAH,5053,BRD-K36859431
TH,7054,BRD-K36859431
TPH1,7166,BRD-K36859431
ATP1A1,476,BRD-K36862742
CA1,759,BRD-K36862742
CA12,771,BRD-K36862742
CA2,760,BRD-K36862742
CA4,762,BRD-K36862742
CA9,768,BRD-K36862742
KCNMA1,3778,BRD-K36862742
SLC12A1,6557,BRD-K36862742
SLC12A3,6559,BRD-K36862742
ABCA1,19,BRD-K36927236
ABCB11,8647,BRD-K36927236
ABCC8,6833,BRD-K36927236
ABCC9,10060,BRD-K36927236
CFTR,1080,BRD-K36927236
CPT1A,1374,BRD-K36927236
KCNJ1,3758,BRD-K36927236
KCNJ11,3767,BRD-K36927236
KCNJ5,3762,BRD-K36927236
KCNJ8,3764,BRD-K36927236
SLCO2B1,11309,BRD-K36927236
CA14,23632,BRD-K37111771
F10,2159,BRD-K37130656
HRH1,3269,BRD-K37249724
KCNH1,3756,BRD-K37249724
KCNH2,3757,BRD-K37249724
AR,367,BRD-K37270826
NR1I2,8856,BRD-K37270826
NR3C1,2908,BRD-K37270826
PGR,5241,BRD-K37270826
ADRA1A,148,BRD-K37289225
ADRA1B,147,BRD-K37289225
ADRA1D,146,BRD-K37289225
ADRA2A,150,BRD-K37289225
ADRA2B,151,BRD-K37289225
ADRA2C,152,BRD-K37289225
CALY,50632,BRD-K37289225
CHRM1,1128,BRD-K37289225
CHRM2,1129,BRD-K37289225
CHRM3,1131,BRD-K37289225
CHRM4,1132,BRD-K37289225
CHRM5,1133,BRD-K37289225
DRD1,1812,BRD-K37289225
DRD2,1813,BRD-K37289225
DRD3,1814,BRD-K37289225
DRD4,1815,BRD-K37289225
DRD5,1816,BRD-K37289225
HRH1,3269,BRD-K37289225
HRH4,59340,BRD-K37289225
HTR1A,3350,BRD-K37289225
HTR1B,3351,BRD-K37289225
HTR1D,3352,BRD-K37289225
HTR1E,3354,BRD-K37289225
HTR1F,3355,BRD-K37289225
HTR2A,3356,BRD-K37289225
HTR2B,3357,BRD-K37289225
HTR2C,3358,BRD-K37289225
HTR3A,3359,BRD-K37289225
HTR5A,3361,BRD-K37289225
HTR6,3362,BRD-K37289225
HTR7,3363,BRD-K37289225
AVPR1A,552,BRD-K37385792
AVPR2,554,BRD-K37385792
CHRM1,1128,BRD-K37543758
CHRM2,1129,BRD-K37543758
CHRM3,1131,BRD-K37543758
CHRM4,1132,BRD-K37543758
HRH1,3269,BRD-K37694030
SLC6A2,6530,BRD-K37694030
SLC6A4,6532,BRD-K37694030
TOP2A,7153,BRD-K37798499
TOP2B,7155,BRD-K37798499
ADRA1A,148,BRD-K37814297
ADRA1B,147,BRD-K37814297
DRD1,1812,BRD-K37814297
DRD2,1813,BRD-K37814297
HTR1A,3350,BRD-K37814297
HTR2A,3356,BRD-K37814297
ITGA2B,3674,BRD-K37872686
ITGB3,3690,BRD-K37872686
ATP6V1A,523,BRD-K37949327
PTPRS,5802,BRD-K37949327
CHRM1,1128,BRD-K37991163
CHRM2,1129,BRD-K37991163
CHRM3,1131,BRD-K37991163
CHRM4,1132,BRD-K37991163
CHRM5,1133,BRD-K37991163
HTR2A,3356,BRD-K37991163
SLC6A2,6530,BRD-K37991163
SLC6A4,6532,BRD-K37991163
NR3C1,2908,BRD-K38003476
PLA2G1B,5319,BRD-K38003476
ESR1,2099,BRD-K38041788
PGR,5241,BRD-K38041788
F2,2147,BRD-K38168441
CFTR,1080,BRD-K38197229
GPR35,2859,BRD-K38197229
SLC12A1,6557,BRD-K38197229
SLC12A2,6558,BRD-K38197229
SLC12A4,6560,BRD-K38197229
SLC12A5,57468,BRD-K38197229
DRD2,1813,BRD-K38305202
DRD3,1814,BRD-K38305202
PTGS1,5742,BRD-K38323065
ADRA1A,148,BRD-K38436528
ADRA1B,147,BRD-K38436528
ADRA1D,146,BRD-K38436528
CHRM1,1128,BRD-K38436528
CHRM2,1129,BRD-K38436528
CHRM3,1131,BRD-K38436528
CHRM4,1132,BRD-K38436528
CHRM5,1133,BRD-K38436528
DRD1,1812,BRD-K38436528
DRD2,1813,BRD-K38436528
DRD5,1816,BRD-K38436528
HRH1,3269,BRD-K38436528
HTR1A,3350,BRD-K38436528
HTR2A,3356,BRD-K38436528
HTR2C,3358,BRD-K38436528
HTR6,3362,BRD-K38436528
HTR7,3363,BRD-K38436528
KCND2,3751,BRD-K38436528
KCND3,3752,BRD-K38436528
KCNH1,3756,BRD-K38436528
KCNH2,3757,BRD-K38436528
SLC6A2,6530,BRD-K38436528
SLC6A3,6531,BRD-K38436528
SLC6A4,6532,BRD-K38436528
SLCO1A2,6579,BRD-K38512030
SLCO1B1,10599,BRD-K38512030
SLCO1B3,28234,BRD-K38512030
SLCO2B1,11309,BRD-K38512030
DRD1,1812,BRD-K38580127
DRD5,1816,BRD-K38580127
HTR1A,3350,BRD-K38580127
HTR1B,3351,BRD-K38580127
HTR1D,3352,BRD-K38580127
HTR1E,3354,BRD-K38580127
HTR1F,3355,BRD-K38580127
HTR2A,3356,BRD-K38580127
HTR2B,3357,BRD-K38580127
HTR2C,3358,BRD-K38580127
HTR3A,3359,BRD-K38580127
HTR3B,9177,BRD-K38580127
HTR4,3360,BRD-K38580127
HTR5A,3361,BRD-K38580127
HTR6,3362,BRD-K38580127
HTR7,3363,BRD-K38580127
SLC36A1,206358,BRD-K38580127
MLNR,2862,BRD-K38684403
PGR,5241,BRD-K38704569
ANXA1,301,BRD-K38775274
NOS2,4843,BRD-K38775274
NR0B1,190,BRD-K38775274
NR3C1,2908,BRD-K38775274
NR3C2,4306,BRD-K38775274
AURKB,9212,BRD-K38903228
CACNA1B,774,BRD-K38903228
ADRA1A,148,BRD-K38911213
ADRA2A,150,BRD-K38911213
ADRA2B,151,BRD-K38911213
ADRA2C,152,BRD-K38911213
ESR1,2099,BRD-K39120595
ESR2,2100,BRD-K39120595
MCL1,4170,BRD-K39120595
NR3C1,2908,BRD-K39188321
PTGS1,5742,BRD-K39339537
PTGS2,5743,BRD-K39339537
AR,367,BRD-K39479472
ATP1A1,476,BRD-K39621635
ABCB1,5243,BRD-K39746403
ALB,213,BRD-K39746403
CYP3A4,1576,BRD-K39746403
CYP51A1,1595,BRD-K39746403
KCNH2,3757,BRD-K39746403
MLNR,2862,BRD-K39746403
SLC47A1,55244,BRD-K39746403
ADRA1A,148,BRD-K39915878
ADRA1B,147,BRD-K39915878
ADRA2A,150,BRD-K39915878
ADRA2B,151,BRD-K39915878
ADRA2C,152,BRD-K39915878
ADRB1,153,BRD-K39915878
CHRM1,1128,BRD-K39915878
CHRM2,1129,BRD-K39915878
CHRM3,1131,BRD-K39915878
CHRM4,1132,BRD-K39915878
CHRM5,1133,BRD-K39915878
DRD1,1812,BRD-K39915878
DRD2,1813,BRD-K39915878
DRD3,1814,BRD-K39915878
DRD4,1815,BRD-K39915878
DRD5,1816,BRD-K39915878
HRH1,3269,BRD-K39915878
HRH2,3274,BRD-K39915878
HRH4,59340,BRD-K39915878
HTR1A,3350,BRD-K39915878
HTR1B,3351,BRD-K39915878
HTR1D,3352,BRD-K39915878
HTR1E,3354,BRD-K39915878
HTR2A,3356,BRD-K39915878
HTR2C,3358,BRD-K39915878
HTR3A,3359,BRD-K39915878
HTR5A,3361,BRD-K39915878
HTR6,3362,BRD-K39915878
HTR7,3363,BRD-K39915878
SLC6A2,6530,BRD-K39915878
SLC6A3,6531,BRD-K39915878
SLC6A4,6532,BRD-K39915878
FFAR1,2864,BRD-K39965020
PTGS1,5742,BRD-K39965020
PTGS2,5743,BRD-K39965020
FLT4,2324,BRD-K39974922
KDR,3791,BRD-K39974922
NR3C1,2908,BRD-K39983086
CHRM1,1128,BRD-K40227168
CHRM2,1129,BRD-K40227168
CHRM3,1131,BRD-K40227168
CHRM4,1132,BRD-K40227168
MPL,4352,BRD-K40496271
CHRM1,1128,BRD-K40530731
CHRM2,1129,BRD-K40530731
CHRM3,1131,BRD-K40530731
CHRM4,1132,BRD-K40530731
CYP1A2,1544,BRD-K40758068
CYP2B6,1555,BRD-K40758068
CYP2C19,1557,BRD-K40758068
CYP2C9,1559,BRD-K40758068
CYP2D6,1565,BRD-K40758068
CYP3A4,1576,BRD-K40758068
CHRM1,1128,BRD-K40902647
CHRM2,1129,BRD-K40902647
CHRM3,1131,BRD-K40902647
CHRM4,1132,BRD-K40902647
SCN10A,6336,BRD-K40905133
SCN11A,11280,BRD-K40905133
SCN1A,6323,BRD-K40905133
SCN2A,6326,BRD-K40905133
SCN3A,6328,BRD-K40905133
SCN4A,6329,BRD-K40905133
SCN5A,6331,BRD-K40905133
SCN7A,6332,BRD-K40905133
SCN8A,6334,BRD-K40905133
SCN9A,6335,BRD-K40905133
ADORA1,134,BRD-K41141507
AR,367,BRD-K41141507
FPR1,2357,BRD-K41170226
GPBAR1,151306,BRD-K41170226
EDNRA,1909,BRD-K41185545
EDNRB,1910,BRD-K41185545
ESR1,2099,BRD-K41256143
ESR2,2100,BRD-K41256143
G6PD,2539,BRD-K41256143
GABRA1,2554,BRD-K41256143
GABRA2,2555,BRD-K41256143
GABRA3,2556,BRD-K41256143
GABRA4,2557,BRD-K41256143
GABRA5,2558,BRD-K41256143
GABRA6,2559,BRD-K41256143
GABRB1,2560,BRD-K41256143
GABRB2,2561,BRD-K41256143
GABRB3,2562,BRD-K41256143
GABRD,2563,BRD-K41256143
GABRE,2564,BRD-K41256143
GABRG1,2565,BRD-K41256143
GABRG2,2566,BRD-K41256143
GABRG3,2567,BRD-K41256143
GABRP,2568,BRD-K41256143
GABRQ,55879,BRD-K41256143
GRIN1,2902,BRD-K41256143
GRIN2A,2903,BRD-K41256143
GRIN2B,2904,BRD-K41256143
GRIN2C,2905,BRD-K41256143
GRIN2D,2906,BRD-K41256143
GRIN3A,116443,BRD-K41256143
GRIN3B,116444,BRD-K41256143
HSD17B1,3292,BRD-K41256143
NR1I2,8856,BRD-K41256143
NR1I3,9970,BRD-K41256143
PPARA,5465,BRD-K41256143
SIGMAR1,10280,BRD-K41256143
SULT2A1,6822,BRD-K41256143
SULT2B1,6820,BRD-K41256143
ABAT,18,BRD-K41260949
ACADSB,36,BRD-K41260949
ALDH5A1,7915,BRD-K41260949
HDAC1,3065,BRD-K41260949
HDAC2,3066,BRD-K41260949
HDAC9,9734,BRD-K41260949
OGDH,4967,BRD-K41260949
SCN10A,6336,BRD-K41260949
SCN11A,11280,BRD-K41260949
SCN1A,6323,BRD-K41260949
SCN1B,6324,BRD-K41260949
SCN2A,6326,BRD-K41260949
SCN2B,6327,BRD-K41260949
SCN3A,6328,BRD-K41260949
SCN3B,55800,BRD-K41260949
SCN4A,6329,BRD-K41260949
SCN4B,6330,BRD-K41260949
SCN5A,6331,BRD-K41260949
SCN7A,6332,BRD-K41260949
SCN8A,6334,BRD-K41260949
SCN9A,6335,BRD-K41260949
OPRM1,4988,BRD-K41458421
FAAH,2166,BRD-K41524689
PTGS1,5742,BRD-K41524689
PTGS2,5743,BRD-K41524689
TRPV1,7442,BRD-K41524689
DNMT1,1786,BRD-K41731458
PTGS1,5742,BRD-K41866823
PTGS2,5743,BRD-K41866823
SLC6A2,6530,BRD-K42098891
SLC6A4,6532,BRD-K42098891
GNRH1,2796,BRD-K42140276
ANPEP,290,BRD-K42260897
NPC1L1,29881,BRD-K42260897
SOAT1,6646,BRD-K42260897
ACE,1636,BRD-K42317111
HTR2A,3356,BRD-K42348709
PGR,5241,BRD-K42504537
EGFR,1956,BRD-K42805893
ADRB2,154,BRD-K42816473
CSF1R,1436,BRD-K42828737
FGFR1,2260,BRD-K42828737
FLT1,2321,BRD-K42828737
FLT3,2322,BRD-K42828737
FLT4,2324,BRD-K42828737
KDR,3791,BRD-K42828737
KIT,3815,BRD-K42828737
PDGFRA,5156,BRD-K42828737
PDGFRB,5159,BRD-K42828737
RET,5979,BRD-K42828737
MTOR,2475,BRD-K42898655
DRD1,1812,BRD-K42938903
DRD2,1813,BRD-K42938903
CHRM2,1129,BRD-K43106192
CHRNA1,1134,BRD-K43106192
ADH1C,126,BRD-K43164539
CES1,1066,BRD-K43164539
COX4I1,1327,BRD-K43164539
COX5A,9377,BRD-K43164539
COX5B,1329,BRD-K43164539
COX6A2,1339,BRD-K43164539
COX6B1,1340,BRD-K43164539
COX6C,1345,BRD-K43164539
COX7A1,1346,BRD-K43164539
COX7B,1349,BRD-K43164539
COX7C,1350,BRD-K43164539
COX8A,1351,BRD-K43164539
ESRRG,2104,BRD-K43164539
FABP6,2172,BRD-K43164539
FECH,2235,BRD-K43164539
GPBAR1,151306,BRD-K43164539
MT-CO1,4512,BRD-K43164539
MT-CO2,4513,BRD-K43164539
MT-CO3,4514,BRD-K43164539
PLA2G1B,5319,BRD-K43164539
CHRM2,1129,BRD-K43305603
CHRNA2,1135,BRD-K43305603
HTR3A,3359,BRD-K43305603
HTR1A,3350,BRD-K43383936
TOP2A,7153,BRD-K43389675
TOP2B,7155,BRD-K43389675
AQP1,358,BRD-K43457670
CA1,759,BRD-K43457670
CA12,771,BRD-K43457670
CA14,23632,BRD-K43457670
CA2,760,BRD-K43457670
CA3,761,BRD-K43457670
CA4,762,BRD-K43457670
CA7,766,BRD-K43457670
CACNA1C,775,BRD-K43586850
PRSS1,5644,BRD-K43806473
SULT2B1,6820,BRD-K43880410
ADRB1,153,BRD-K43883465
ADRB2,154,BRD-K43883465
DBH,1621,BRD-K43887077
DRD1,1812,BRD-K43887077
DRD2,1813,BRD-K43887077
DRD3,1814,BRD-K43887077
DRD4,1815,BRD-K43887077
DRD5,1816,BRD-K43887077
HTR1A,3350,BRD-K43887077
HTR7,3363,BRD-K43887077
SLC6A2,6530,BRD-K43887077
SLC6A3,6531,BRD-K43887077
SLC6A4,6532,BRD-K43887077
ADORA1,134,BRD-K44004064
ESR1,2099,BRD-K44184170
ESR2,2100,BRD-K44184170
ABL1,25,BRD-K44227013
BCR,613,BRD-K44227013
FGFR1,2260,BRD-K44227013
FGFR2,2263,BRD-K44227013
FGFR3,2261,BRD-K44227013
FGFR4,2264,BRD-K44227013
FLT3,2322,BRD-K44227013
KDR,3791,BRD-K44227013
KIT,3815,BRD-K44227013
LCK,3932,BRD-K44227013
LYN,4067,BRD-K44227013
PDGFRA,5156,BRD-K44227013
RET,5979,BRD-K44227013
SRC,6714,BRD-K44227013
TEK,7010,BRD-K44227013
AMY2A,279,BRD-K44276885
MGAM,8972,BRD-K44276885
ABCC8,6833,BRD-K44353683
KCNJ10,3766,BRD-K44353683
KCNJ11,3767,BRD-K44353683
PPARG,5468,BRD-K44353683
GAA,2548,BRD-K44779798
GANAB,23193,BRD-K44779798
GANC,2595,BRD-K44779798
MGAM,8972,BRD-K44779798
SMO,6608,BRD-K44827188
PGR,5241,BRD-K44932450
CHRNA10,57053,BRD-K44942604
CHRNA3,1136,BRD-K44942604
CHRNA4,1137,BRD-K44942604
CHRNB4,1143,BRD-K44942604
P2RY12,64805,BRD-K44974079
ACHE,43,BRD-K45014108
ADRA1A,148,BRD-K45014108
ADRB2,154,BRD-K45014108
SLC18A2,6571,BRD-K45014108
SLC6A2,6530,BRD-K45014108
SCN10A,6336,BRD-K45071273
SCN11A,11280,BRD-K45071273
SCN1A,6323,BRD-K45071273
SCN2A,6326,BRD-K45071273
SCN3A,6328,BRD-K45071273
SCN4A,6329,BRD-K45071273
SCN5A,6331,BRD-K45071273
SCN7A,6332,BRD-K45071273
SCN8A,6334,BRD-K45071273
SCN9A,6335,BRD-K45071273
AGTR1,185,BRD-K45158365
TYR,7299,BRD-K45216060
ALDH5A1,7915,BRD-K45238818
ASPH,444,BRD-K45238818
BBOX1,8424,BRD-K45238818
HSD17B6,8630,BRD-K45238818
OXCT1,5019,BRD-K45238818
OXCT2,64064,BRD-K45238818
P3H1,64175,BRD-K45238818
P3H2,55214,BRD-K45238818
P3H3,10536,BRD-K45238818
P4HA1,5033,BRD-K45238818
P4HA2,8974,BRD-K45238818
PLOD1,5351,BRD-K45238818
PLOD3,8985,BRD-K45238818
SDHA,6389,BRD-K45238818
SDHB,6390,BRD-K45238818
SDHC,6391,BRD-K45238818
SDHD,6392,BRD-K45238818
SLC13A1,6561,BRD-K45238818
SLC13A2,9058,BRD-K45238818
SLC13A3,64849,BRD-K45238818
SLC25A10,1468,BRD-K45238818
SUCLA2,8803,BRD-K45238818
SUCLG1,8802,BRD-K45238818
SUCLG2,8801,BRD-K45238818
SUCNR1,56670,BRD-K45238818
TMLHE,55217,BRD-K45238818
LPL,4023,BRD-K45252063
PPARA,5465,BRD-K45252063
GNRHR,2798,BRD-K45300898
DPEP1,1800,BRD-K45319714
ESR1,2099,BRD-K45330754
ESR2,2100,BRD-K45330754
ESRRB,2103,BRD-K45330754
ESRRG,2104,BRD-K45330754
CHRFAM7A,89832,BRD-K45497762
CHRM1,1128,BRD-K45497762
CHRM2,1129,BRD-K45497762
CHRM3,1131,BRD-K45497762
CHRNA1,1134,BRD-K45497762
CHRNA10,57053,BRD-K45497762
AGTR1,185,BRD-K45503887
AGTR2,186,BRD-K45503887
ALOX5,240,BRD-K45542189
PTGS1,5742,BRD-K45542189
NR3C1,2908,BRD-K45664306
DRD2,1813,BRD-K45861246
DRD3,1814,BRD-K45861246
PDE3A,5139,BRD-K45924332
PDE3B,5140,BRD-K45924332
PDE4B,5142,BRD-K45924332
TNF,7124,BRD-K45924332
IKBKB,3551,BRD-K45995181
PRDX5,25824,BRD-K45995181
TRPA1,8989,BRD-K45995181
PPARA,5465,BRD-K46018455
PPARD,5467,BRD-K46018455
PPARG,5468,BRD-K46018455
ESR1,2099,BRD-K46061689
PGR,5241,BRD-K46061689
ADRA1A,148,BRD-K46211610
ADRA2A,150,BRD-K46211610
ADRA2B,151,BRD-K46211610
ADRA2C,152,BRD-K46211610
HRH1,3269,BRD-K46211610
HRH2,3274,BRD-K46211610
ESR1,2099,BRD-K46331928
PGR,5241,BRD-K46331928
CA1,759,BRD-K46493214
CA12,771,BRD-K46493214
CA2,760,BRD-K46493214
CA9,768,BRD-K46493214
NR3C2,4306,BRD-K46556543
ACE,1636,BRD-K46654563
CHRM1,1128,BRD-K46692793
CHRM2,1129,BRD-K46692793
CHRM3,1131,BRD-K46692793
CHRM1,1128,BRD-K46731503
CHRM2,1129,BRD-K46731503
CHRM3,1131,BRD-K46731503
CHRM4,1132,BRD-K46731503
CHRM5,1133,BRD-K46731503
HTR3A,3359,BRD-K46742498
FKBP1A,2280,BRD-K46843573
CYP11B1,1584,BRD-K46862739
MAOA,4128,BRD-K46914825
MAOB,4129,BRD-K46914825
SLC6A4,6532,BRD-K46914825
PTGS1,5742,BRD-K46937689
PTGS2,5743,BRD-K46937689
SLC37A4,2542,BRD-K47114202
ACSL3,2181,BRD-K47192521
ACSL4,2182,BRD-K47192521
FADS1,3992,BRD-K47192521
FFAR1,2864,BRD-K47192521
PPARD,5467,BRD-K47192521
PPARG,5468,BRD-K47192521
PTGS1,5742,BRD-K47192521
PTGS2,5743,BRD-K47192521
SLC8A1,6546,BRD-K47192521
TRPV1,7442,BRD-K47192521
MAOA,4128,BRD-K47264279
MAOB,4129,BRD-K47264279
HRH1,3269,BRD-K47278471
DRD2,1813,BRD-K47289124
DRD3,1814,BRD-K47289124
DRD4,1815,BRD-K47289124
VDR,7421,BRD-K47318833
HRH1,3269,BRD-K47323024
GGCX,2677,BRD-K47458712
PTGS1,5742,BRD-K47492008
CHRM1,1128,BRD-K47639036
CHRM2,1129,BRD-K47639036
PTGS1,5742,BRD-K47679368
PTGS2,5743,BRD-K47679368
TYMS,7298,BRD-K47832606
IGF1R,3480,BRD-K47869605
TOP2A,7153,BRD-K47869605
TUBA4A,7277,BRD-K47869605
TUBB,203068,BRD-K47869605
ADRA1A,148,BRD-K47936004
ADRA2A,150,BRD-K47936004
ADRA2C,152,BRD-K47936004
DRD2,1813,BRD-K47936004
DRD3,1814,BRD-K47936004
DRD4,1815,BRD-K47936004
HTR1A,3350,BRD-K47936004
HTR2B,3357,BRD-K47936004
ADRB1,153,BRD-K47949423
ADRB2,154,BRD-K47949423
ADRB3,155,BRD-K47949423
AMD1,262,BRD-K47978074
CANT1,124583,BRD-K47978074
DCN,1634,BRD-K47978074
NEIL1,79661,BRD-K47978074
VEGFA,7422,BRD-K47978074
DPP4,1803,BRD-K48068743
DIO1,1733,BRD-K48168960
TPO,7173,BRD-K48168960
ESR1,2099,BRD-K48195008
ESR2,2100,BRD-K48195008
NR1I2,8856,BRD-K48195008
GP9,2815,BRD-K48278478
KCNB2,9312,BRD-K48278478
KCNN4,3783,BRD-K48278478
SLC29A4,222962,BRD-K48278478
CA1,759,BRD-K48300629
CA10,56934,BRD-K48300629
CA11,770,BRD-K48300629
CA12,771,BRD-K48300629
CA13,377677,BRD-K48300629
CA14,23632,BRD-K48300629
CA2,760,BRD-K48300629
CA3,761,BRD-K48300629
CA4,762,BRD-K48300629
CA5A,763,BRD-K48300629
CA5B,11238,BRD-K48300629
CA6,765,BRD-K48300629
CA7,766,BRD-K48300629
CA8,767,BRD-K48300629
CA9,768,BRD-K48300629
CACNA1G,8913,BRD-K48300629
CACNA1H,8912,BRD-K48300629
CACNA1I,8911,BRD-K48300629
MAOA,4128,BRD-K48300629
MAOB,4129,BRD-K48300629
SCN10A,6336,BRD-K48300629
SCN11A,11280,BRD-K48300629
SCN1A,6323,BRD-K48300629
SCN1B,6324,BRD-K48300629
SCN2A,6326,BRD-K48300629
SCN2B,6327,BRD-K48300629
SCN3A,6328,BRD-K48300629
SCN3B,55800,BRD-K48300629
SCN4A,6329,BRD-K48300629
SCN4B,6330,BRD-K48300629
SCN5A,6331,BRD-K48300629
SCN7A,6332,BRD-K48300629
SCN8A,6334,BRD-K48300629
SCN9A,6335,BRD-K48300629
TOP2A,7153,BRD-K48304345
XDH,7498,BRD-K48367671
DRD1,1812,BRD-K48429278
DRD2,1813,BRD-K48429278
HTR1A,3350,BRD-K48429278
HTR2A,3356,BRD-K48429278
ADRA2A,150,BRD-K48578705
ADRA2B,151,BRD-K48578705
ADRA2C,152,BRD-K48578705
DDC,1644,BRD-K48578705
CA1,759,BRD-K48617017
CA12,771,BRD-K48617017
CA14,23632,BRD-K48617017
CA2,760,BRD-K48617017
CA4,762,BRD-K48617017
CA7,766,BRD-K48617017
CHRM1,1128,BRD-K48619321
CHRM2,1129,BRD-K48619321
CHRM3,1131,BRD-K48619321
SLC29A1,2030,BRD-K48722258
ADRA1A,148,BRD-K48722833
ADRA2C,152,BRD-K48722833
DRD1,1812,BRD-K48722833
DRD2,1813,BRD-K48722833
DRD3,1814,BRD-K48722833
DRD4,1815,BRD-K48722833
HRH1,3269,BRD-K48722833
HTR1A,3350,BRD-K48722833
HTR2A,3356,BRD-K48722833
HTR6,3362,BRD-K48722833
HTR7,3363,BRD-K48722833
EDNRA,1909,BRD-K48812570
EDNRB,1910,BRD-K48812570
PTGS1,5742,BRD-K48892307
PTGS2,5743,BRD-K48892307
PTGDR,5729,BRD-K48894757
PTGDR2,11251,BRD-K48894757
PTGER1,5731,BRD-K48894757
PTGER2,5732,BRD-K48894757
PTGER3,5733,BRD-K48894757
PTGFR,5737,BRD-K48894757
PTGIR,5739,BRD-K48894757
TBXA2R,6915,BRD-K48894757
AR,367,BRD-K48970916
CCL2,6347,BRD-K48970916
ESR1,2099,BRD-K48970916
GNRHR,2798,BRD-K48970916
GNRHR2,,BRD-K48970916
PGR,5241,BRD-K48970916
FGFR1,2260,BRD-K49075727
FGFR2,2263,BRD-K49075727
FGFR3,2261,BRD-K49075727
FGFR4,2264,BRD-K49075727
FLT1,2321,BRD-K49075727
FLT4,2324,BRD-K49075727
KDR,3791,BRD-K49075727
PDGFRA,5156,BRD-K49075727
PDGFRB,5159,BRD-K49075727
RARA,5914,BRD-K49076555
RXRG,6258,BRD-K49076555
ADRA1A,148,BRD-K49111258
ADRA1B,147,BRD-K49111258
ADRA1D,146,BRD-K49111258
ADRA2A,150,BRD-K49111258
ADRA2B,151,BRD-K49111258
ADRA2C,152,BRD-K49111258
KCNH2,3757,BRD-K49111258
KCNH6,81033,BRD-K49111258
KCNH7,90134,BRD-K49111258
ABL1,25,BRD-K49328571
ABL2,27,BRD-K49328571
BLK,640,BRD-K49328571
EPHA2,1969,BRD-K49328571
FGR,2268,BRD-K49328571
FRK,2444,BRD-K49328571
FYN,2534,BRD-K49328571
HCK,3055,BRD-K49328571
KIT,3815,BRD-K49328571
LCK,3932,BRD-K49328571
LYN,4067,BRD-K49328571
PDGFRB,5159,BRD-K49328571
SRC,6714,BRD-K49328571
SRMS,6725,BRD-K49328571
STAT5B,6777,BRD-K49328571
YES1,7525,BRD-K49328571
PPARA,5465,BRD-K49338325
IMPDH1,3614,BRD-K49350383
IMPDH2,3615,BRD-K49350383
PTGS1,5742,BRD-K49372556
CACNA1B,774,BRD-K49404994
SCN1A,6323,BRD-K49404994
SV2A,9900,BRD-K49404994
ACHE,43,BRD-K49481516
BCHE,590,BRD-K49481516
CHRNA1,1134,BRD-K49481516
CHRNA10,57053,BRD-K49481516
CHRNA2,1135,BRD-K49481516
CHRNA3,1136,BRD-K49481516
CHRNA4,1137,BRD-K49481516
CHRNA5,1138,BRD-K49481516
CHRNA6,8973,BRD-K49481516
CHRNA7,1139,BRD-K49481516
CHRNA9,55584,BRD-K49481516
CHRNB1,1140,BRD-K49481516
CHRNB2,1141,BRD-K49481516
CHRNB3,1142,BRD-K49481516
CHRNB4,1143,BRD-K49481516
CHRND,1144,BRD-K49481516
CHRNE,1145,BRD-K49481516
CHRNG,1146,BRD-K49481516
CYP27B1,1594,BRD-K49522529
VDR,7421,BRD-K49522529
NR3C1,2908,BRD-K49577446
CYP3A4,1576,BRD-K49668410
ATP1A1,476,BRD-K49669424
ADRA1A,148,BRD-K49671696
ADRA1B,147,BRD-K49671696
ADRA1D,146,BRD-K49671696
DRD1,1812,BRD-K49671696
DRD5,1816,BRD-K49671696
HTR1A,3350,BRD-K49671696
HTR1B,3351,BRD-K49671696
HTR1D,3352,BRD-K49671696
HTR2A,3356,BRD-K49671696
HTR2B,3357,BRD-K49671696
HTR2C,3358,BRD-K49671696
HTR5A,3361,BRD-K49671696
HTR7,3363,BRD-K49671696
SLC18A1,6570,BRD-K49671696
SLC18A2,6571,BRD-K49671696
ACHE,43,BRD-K49783248
CHRNA2,1135,BRD-K49783248
ACE,1636,BRD-K49807096
PPARA,5465,BRD-K49840922
PREP,5550,BRD-K49962337
TLR7,51284,BRD-K50050533
CYP11B1,1584,BRD-K50071428
CYP17A1,1586,BRD-K50071428
HRH1,3269,BRD-K50163129
NR3C1,2908,BRD-K50265942
PGR,5241,BRD-K50276048
OPRK1,4986,BRD-K50329370
TRPA1,8989,BRD-K50329370
TRPM8,79054,BRD-K50329370
TRPV3,162514,BRD-K50329370
MMP25,64386,BRD-K50388907
PPARA,5465,BRD-K50388907
ALOX5,240,BRD-K50398167
CNR1,1268,BRD-K50398167
KCNQ2,3785,BRD-K50398167
KCNQ3,3786,BRD-K50398167
PTGS1,5742,BRD-K50398167
PTGS2,5743,BRD-K50398167
GABRA1,2554,BRD-K50422030
CFTR,1080,BRD-K50590187
TRPV1,7442,BRD-K50590187
ADRA2A,150,BRD-K50720187
KCNQ1,3784,BRD-K50720187
KCNQ2,3785,BRD-K50720187
CHRM2,1129,BRD-K50817623
CHRM3,1131,BRD-K50817623
CHRNA1,1134,BRD-K50817623
CHRNA2,1135,BRD-K50817623
PGR,5241,BRD-K50853363
GLRA1,2741,BRD-K50866992
GLRA2,2742,BRD-K50866992
GLRB,2743,BRD-K50866992
HTR3A,3359,BRD-K50866992
HTR4,3360,BRD-K50866992
HTR1A,3350,BRD-K50938287
HTR1B,3351,BRD-K50938287
HTR1D,3352,BRD-K50938287
HTR1E,3354,BRD-K50938287
HTR1F,3355,BRD-K50938287
HTR5A,3361,BRD-K50938287
HTR6,3362,BRD-K50938287
HTR7,3363,BRD-K50938287
SCN10A,6336,BRD-K50938786
CYP3A4,1576,BRD-K51040301
CYP3A43,64816,BRD-K51040301
CYP3A5,1577,BRD-K51040301
CYP3A7,1551,BRD-K51040301
ESR1,2099,BRD-K51095933
ESR2,2100,BRD-K51095933
ADRA2A,150,BRD-K51143828
ADRA2C,152,BRD-K51143828
DRD2,1813,BRD-K51143828
HTR1A,3350,BRD-K51143828
HTR2A,3356,BRD-K51143828
HTR7,3363,BRD-K51143828
SLC5A2,6524,BRD-K51247865
CDK4,1019,BRD-K51313569
CDK6,1021,BRD-K51313569
TUBB,203068,BRD-K51318897
ESR1,2099,BRD-K51350053
ADRB2,154,BRD-K51387999
ACHE,43,BRD-K51471001
BCHE,590,BRD-K51471001
CYP1A2,1544,BRD-K51485625
CYP2B6,1555,BRD-K51485625
CYP2C19,1557,BRD-K51485625
CYP2C8,1558,BRD-K51485625
CYP2C9,1559,BRD-K51485625
CYP2D6,1565,BRD-K51485625
CYP2E1,1571,BRD-K51485625
CYP3A4,1576,BRD-K51485625
CYP3A5,1577,BRD-K51485625
CYP3A7,1551,BRD-K51485625
KDR,3791,BRD-K51544265
MET,4233,BRD-K51544265
RET,5979,BRD-K51544265
HTR1A,3350,BRD-K51579475
HTR1B,3351,BRD-K51579475
HTR2C,3358,BRD-K51579475
SLC6A4,6532,BRD-K51579475
CA1,759,BRD-K51671335
CA12,771,BRD-K51671335
CA7,766,BRD-K51671335
DRD2,1813,BRD-K51671335
DRD3,1814,BRD-K51671335
ABCB1,5243,BRD-K51677086
ALB,213,BRD-K51677086
CYP3A4,1576,BRD-K51677086
CYP51A1,1595,BRD-K51677086
KCNH2,3757,BRD-K51677086
MLNR,2862,BRD-K51677086
SLC47A1,55244,BRD-K51677086
RRM1,6240,BRD-K51747290
RRM2,6241,BRD-K51747290
RRM2B,50484,BRD-K51747290
ACE,1636,BRD-K51784806
HRH1,3269,BRD-K51937257
CYP2C9,1559,BRD-K52020312
CYP3A4,1576,BRD-K52020312
LIPE,3991,BRD-K52072429
FASN,2194,BRD-K52075040
TUBB,203068,BRD-K52075715
TUBB4B,10383,BRD-K52075715
CYP19A1,1588,BRD-K52172416
FAAH,2166,BRD-K52397688
HTR2A,3356,BRD-K52397688
CATSPER1,117144,BRD-K52459643
CATSPER2,117155,BRD-K52459643
CATSPER3,347732,BRD-K52459643
CATSPER4,378807,BRD-K52459643
PTGDR,5729,BRD-K52459643
PTGER1,5731,BRD-K52459643
PTGER2,5732,BRD-K52459643
PTGER4,5734,BRD-K52459643
PTGIR,5739,BRD-K52459643
CDIPT,10423,BRD-K52618540
EGFR,1956,BRD-K52662033
SCN10A,6336,BRD-K52662033
SCN5A,6331,BRD-K52662033
SCN9A,6335,BRD-K52662033
CFTR,1080,BRD-K52818472
TACR1,6869,BRD-K52827117
ABCC8,6833,BRD-K52959329
KCNJ10,3766,BRD-K52959329
PPARG,5468,BRD-K52959329
ABCC8,6833,BRD-K52960356
KCNJ1,3758,BRD-K52960356
KCNJ10,3766,BRD-K52960356
KCNJ11,3767,BRD-K52960356
GSTP1,2950,BRD-K52989797
HTR2A,3356,BRD-K52989797
HTR2B,3357,BRD-K52989797
HTR2C,3358,BRD-K52989797
SLC6A2,6530,BRD-K52989797
SLC6A3,6531,BRD-K52989797
SLC6A4,6532,BRD-K52989797
TBXAS1,6916,BRD-K53061490
CALM1,801,BRD-K53236343
SCN5A,6331,BRD-K53236343
PDE1A,5136,BRD-K53318339
PDE1C,5137,BRD-K53318339
ESR1,2099,BRD-K53319039
CCR2,729230,BRD-K53382462
DAO,1610,BRD-K53397409
HRSP12,10247,BRD-K53397409
PRDX5,25824,BRD-K53397409
RAB9A,9367,BRD-K53397409
SLC6A4,6532,BRD-K53517854
ADRA1A,148,BRD-K53737926
ADRA1B,147,BRD-K53737926
ADRA1D,146,BRD-K53737926
ADRA2A,150,BRD-K53737926
ADRB1,153,BRD-K53737926
ADRB2,154,BRD-K53737926
ADRB3,155,BRD-K53737926
CHRM1,1128,BRD-K53737926
CHRM2,1129,BRD-K53737926
CHRM3,1131,BRD-K53737926
CHRM4,1132,BRD-K53737926
CHRM5,1133,BRD-K53737926
HRH1,3269,BRD-K53737926
HRH2,3274,BRD-K53737926
HRH4,59340,BRD-K53737926
HTR1A,3350,BRD-K53737926
HTR1B,3351,BRD-K53737926
HTR1D,3352,BRD-K53737926
HTR2A,3356,BRD-K53737926
HTR2C,3358,BRD-K53737926
HTR6,3362,BRD-K53737926
HTR7,3363,BRD-K53737926
KCNA1,3736,BRD-K53737926
KCND2,3751,BRD-K53737926
KCND3,3752,BRD-K53737926
KCNQ2,3785,BRD-K53737926
KCNQ3,3786,BRD-K53737926
NTRK1,4914,BRD-K53737926
NTRK2,4915,BRD-K53737926
OPRD1,4985,BRD-K53737926
OPRK1,4986,BRD-K53737926
OPRM1,4988,BRD-K53737926
SIGMAR1,10280,BRD-K53737926
SLC6A2,6530,BRD-K53737926
SLC6A4,6532,BRD-K53737926
SLC5A1,6523,BRD-K53765467
SLC5A2,6524,BRD-K53765467
NR3C1,2908,BRD-K53790871
SERPINA6,866,BRD-K53790871
SCN5A,6331,BRD-K53809807
ROCK1,6093,BRD-K53814070
ROCK2,9475,BRD-K53814070
ADRA1A,148,BRD-K53857191
ADRA1B,147,BRD-K53857191
ADRA1D,146,BRD-K53857191
ADRA2A,150,BRD-K53857191
ADRA2B,151,BRD-K53857191
ADRA2C,152,BRD-K53857191
DRD1,1812,BRD-K53857191
DRD2,1813,BRD-K53857191
DRD3,1814,BRD-K53857191
DRD4,1815,BRD-K53857191
HRH1,3269,BRD-K53857191
HTR1A,3350,BRD-K53857191
HTR1B,3351,BRD-K53857191
HTR1D,3352,BRD-K53857191
HTR1E,3354,BRD-K53857191
HTR1F,3355,BRD-K53857191
HTR2A,3356,BRD-K53857191
HTR2C,3358,BRD-K53857191
HTR6,3362,BRD-K53857191
HTR7,3363,BRD-K53857191
HTR1A,3350,BRD-K53963539
HTR1B,3351,BRD-K53963539
HTR2A,3356,BRD-K53963539
HTR2C,3358,BRD-K53963539
HTR3A,3359,BRD-K53963539
HTR5A,3361,BRD-K53963539
HTR6,3362,BRD-K53963539
HTR7,3363,BRD-K53963539
SLC6A4,6532,BRD-K53963539
JAK1,3716,BRD-K53972329
JAK2,3717,BRD-K53972329
JAK3,3718,BRD-K53972329
TYK2,7297,BRD-K53972329
ADRB2,154,BRD-K54006094
DRD2,1813,BRD-K54094468
DRD3,1814,BRD-K54094468
DRD4,1815,BRD-K54094468
HTR2A,3356,BRD-K54094468
SIGMAR1,10280,BRD-K54094468
COL1A1,1277,BRD-K54247840
MMP2,4313,BRD-K54247840
TYR,7299,BRD-K54262262
HTR1A,3350,BRD-K54314721
HTR1B,3351,BRD-K54314721
HTR1D,3352,BRD-K54314721
HTR1E,3354,BRD-K54314721
HTR1F,3355,BRD-K54314721
CHRM1,1128,BRD-K54316499
CHRM2,1129,BRD-K54316499
CHRM3,1131,BRD-K54316499
CHRM4,1132,BRD-K54316499
CHRM5,1133,BRD-K54316499
PTGS1,5742,BRD-K54339150
PTGS2,5743,BRD-K54339150
TPO,7173,BRD-K54416256
PTGS2,5743,BRD-K54496168
ACE,1636,BRD-K54529596
LTA4H,4048,BRD-K54529596
MMP2,4313,BRD-K54529596
MMP9,4318,BRD-K54529596
CHRM1,1128,BRD-K54759182
CHRM2,1129,BRD-K54759182
CHRM3,1131,BRD-K54759182
CHRM4,1132,BRD-K54759182
CHRM5,1133,BRD-K54759182
HRH1,3269,BRD-K54759182
SLC6A2,6530,BRD-K54759182
SLC6A4,6532,BRD-K54759182
ACHE,43,BRD-K54770538
PTGS2,5743,BRD-K54770957
ESR1,2099,BRD-K54847683
ESR2,2100,BRD-K54847683
TOP2A,7153,BRD-K55034111
CYP2C19,1557,BRD-K55044200
SLC15A1,6564,BRD-K55044200
SLC15A2,6565,BRD-K55044200
SLC22A6,9356,BRD-K55044200
ADRA2B,151,BRD-K55055802
GABRA1,2554,BRD-K55055802
GABRA2,2555,BRD-K55055802
GABRA3,2556,BRD-K55055802
GABRA4,2557,BRD-K55055802
GABRA5,2558,BRD-K55055802
GABRA6,2559,BRD-K55055802
GABRB1,2560,BRD-K55055802
GABRB2,2561,BRD-K55055802
GABRB3,2562,BRD-K55055802
GABRD,2563,BRD-K55055802
GABRE,2564,BRD-K55055802
GABRG1,2565,BRD-K55055802
GABRG2,2566,BRD-K55055802
GABRG3,2567,BRD-K55055802
GABRP,2568,BRD-K55055802
GABRQ,55879,BRD-K55055802
CALM1,801,BRD-K55127134
DRD1,1812,BRD-K55127134
DRD2,1813,BRD-K55127134
DRD5,1816,BRD-K55127134
HRH1,3269,BRD-K55127134
HTR2A,3356,BRD-K55127134
HTR6,3362,BRD-K55127134
HTR7,3363,BRD-K55127134
P4HB,5034,BRD-K55188888
ADRA1A,148,BRD-K55468218
ADRA1B,147,BRD-K55468218
ADRA1D,146,BRD-K55468218
DRD1,1812,BRD-K55468218
DRD2,1813,BRD-K55468218
DRD3,1814,BRD-K55468218
DRD4,1815,BRD-K55468218
DRD5,1816,BRD-K55468218
HTR1A,3350,BRD-K55468218
HTR1D,3352,BRD-K55468218
HTR2A,3356,BRD-K55468218
HTR2B,3357,BRD-K55468218
HTR2C,3358,BRD-K55468218
HTR6,3362,BRD-K55468218
HTR7,3363,BRD-K55468218
TOP1,7150,BRD-K55696337
TOP1MT,116447,BRD-K55696337
ADRB1,153,BRD-K55705469
ADRB2,154,BRD-K55705469
HTR1A,3350,BRD-K55705469
HTR1B,3351,BRD-K55705469
GUCY1A2,2977,BRD-K55853390
GUCY1A3,2982,BRD-K55853390
GUCY1B2,2974,BRD-K55853390
GUCY1B3,2983,BRD-K55853390
NPR1,4881,BRD-K55853390
SCN10A,6336,BRD-K55930204
SCN11A,11280,BRD-K55930204
SCN1A,6323,BRD-K55930204
SCN2A,6326,BRD-K55930204
SCN3A,6328,BRD-K55930204
SCN4A,6329,BRD-K55930204
SCN5A,6331,BRD-K55930204
SCN7A,6332,BRD-K55930204
SCN8A,6334,BRD-K55930204
SCN9A,6335,BRD-K55930204
HRH1,3269,BRD-K55991142
OXTR,5021,BRD-K56107812
VDR,7421,BRD-K56155962
BRAF,673,BRD-K56343971
RAF1,5894,BRD-K56343971
VDR,7421,BRD-K56429665
NR3C1,2908,BRD-K56515112
CYP3A4,1576,BRD-K56558538
ACHE,43,BRD-K56575995
BCHE,590,BRD-K56575995
HTR1A,3350,BRD-K56699285
HTR1B,3351,BRD-K56699285
HTR1D,3352,BRD-K56699285
HTR1E,3354,BRD-K56699285
HTR1F,3355,BRD-K56699285
HTR2A,3356,BRD-K56699285
HTR2B,3357,BRD-K56699285
HTR2C,3358,BRD-K56699285
HTR5A,3361,BRD-K56699285
HTR6,3362,BRD-K56699285
HTR7,3363,BRD-K56699285
ADH1A,124,BRD-K56810756
ADH1B,125,BRD-K56810756
ADH1C,126,BRD-K56810756
AKR1A1,10327,BRD-K56810756
CAT,847,BRD-K56810756
AR,367,BRD-K56851771
HRH1,3269,BRD-K57033106
F2,2147,BRD-K57041787
GLO1,2739,BRD-K57222227
PLA2G2A,5320,BRD-K57222227
PPARA,5465,BRD-K57222227
PPARG,5468,BRD-K57222227
PTGDR2,11251,BRD-K57222227
PTGR2,145482,BRD-K57222227
PTGS1,5742,BRD-K57222227
PTGS2,5743,BRD-K57222227
SLC46A1,113235,BRD-K57222227
ADAM28,10863,BRD-K57313110
AMY1A,276,BRD-K57313110
AMY2A,279,BRD-K57313110
AMY2B,280,BRD-K57313110
ANG,283,BRD-K57313110
CCL8,6355,BRD-K57313110
HCRT,3060,BRD-K57313110
IGLC1,3537,BRD-K57313110
KRTAP5-2,440021,BRD-K57313110
TFF2,7032,BRD-K57313110
VEGFA,7422,BRD-K57313110
DRD2,1813,BRD-K57432881
DRD3,1814,BRD-K57432881
ACE,1636,BRD-K57545991
ADORA1,134,BRD-K57569181
ADORA2A,135,BRD-K57569181
ADORA2B,136,BRD-K57569181
ADRA2B,151,BRD-K57569181
NT5E,4907,BRD-K57569181
PDE10A,10846,BRD-K57569181
PDE1A,5136,BRD-K57569181
PDE1B,5153,BRD-K57569181
PDE1C,5137,BRD-K57569181
PDE2A,5138,BRD-K57569181
PDE3A,5139,BRD-K57569181
PDE3B,5140,BRD-K57569181
PDE4A,5141,BRD-K57569181
PDE4B,5142,BRD-K57569181
PDE4C,5143,BRD-K57569181
PDE4D,5144,BRD-K57569181
PDE5A,8654,BRD-K57569181
PDE6A,5145,BRD-K57569181
PDE6B,5158,BRD-K57569181
PDE6C,5146,BRD-K57569181
PDE6D,5147,BRD-K57569181
PDE6G,5148,BRD-K57569181
PDE6H,5149,BRD-K57569181
PDE7A,5150,BRD-K57569181
PDE7B,27115,BRD-K57569181
PDE8A,5151,BRD-K57569181
PDE8B,8622,BRD-K57569181
PDE9A,5152,BRD-K57569181
TNF,7124,BRD-K57569181
ALAD,210,BRD-K57631554
DRD2,1813,BRD-K57764956
DRD3,1814,BRD-K57764956
IFNG,3458,BRD-K57853941
TPMT,7172,BRD-K57853941
NR3C1,2908,BRD-K57886322
SERPINA6,866,BRD-K57886322
SMO,6608,BRD-K57886322
DRD2,1813,BRD-K58010567
DRD3,1814,BRD-K58010567
HRH1,3269,BRD-K58010567
HTR1A,3350,BRD-K58010567
HTR4,3360,BRD-K58010567
SLC6A4,6532,BRD-K58010567
FOXM1,2305,BRD-K58049875
BCL2,596,BRD-K58114536
MAOB,4129,BRD-K58114536
NR3C1,2908,BRD-K58148589
SLC5A1,6523,BRD-K58160573
SLC5A2,6524,BRD-K58160573
TYMS,7298,BRD-K58262659
FDPS,2224,BRD-K58513245
PTGS1,5742,BRD-K58736316
HPN,3249,BRD-K58794715
NR3C1,2908,BRD-K58810291
LIPE,3991,BRD-K59037100
ACY1,95,BRD-K59058747
CHUK,1147,BRD-K59058747
GRIN1,2902,BRD-K59058747
GRIN2A,2903,BRD-K59058747
GRIN2B,2904,BRD-K59058747
GRIN2D,2906,BRD-K59058747
GRIN3A,116443,BRD-K59058747
GSS,2937,BRD-K59058747
IKBKB,3551,BRD-K59058747
RELA,5970,BRD-K59058747
SLC7A11,23657,BRD-K59058747
PTGS1,5742,BRD-K59197931
PTGS2,5743,BRD-K59197931
PRSS1,5644,BRD-K59256312
TPSAB1,7177,BRD-K59256312
PDE1A,5136,BRD-K59273480
DHFR,1719,BRD-K59456551
LTA4H,4048,BRD-K59574735
RNPEP,6051,BRD-K59574735
KCNA5,3741,BRD-K59632282
KCNA7,3743,BRD-K59632282
KCNH1,3756,BRD-K59632282
KCNH2,3757,BRD-K59632282
KCNH5,27133,BRD-K59632282
KCNK1,3775,BRD-K59632282
KCNK6,9424,BRD-K59632282
SCN5A,6331,BRD-K59632282
SLC29A4,222962,BRD-K59632282
CRAT,1384,BRD-K59647213
CROT,54677,BRD-K59647213
SSTR1,6751,BRD-K59715032
SSTR2,6752,BRD-K59715032
SSTR3,6753,BRD-K59715032
SSTR5,6755,BRD-K59715032
TUBB,203068,BRD-K59753975
TUBB1,81027,BRD-K59753975
C1QBP,708,BRD-K59788572
CD44,960,BRD-K59788572
HABP2,3026,BRD-K59788572
HAPLN1,1404,BRD-K59788572
HAPLN3,145864,BRD-K59788572
HAPLN4,404037,BRD-K59788572
HMMR,3161,BRD-K59788572
ICAM1,3383,BRD-K59788572
NCAN,1463,BRD-K59788572
VCAN,1462,BRD-K59788572
ABCG2,9429,BRD-K59866480
CHRM1,1128,BRD-K59895502
CHRM2,1129,BRD-K59895502
AGTR1,185,BRD-K60038276
JUN,3725,BRD-K60038276
SLC10A1,6554,BRD-K60038276
SLC6A1,6529,BRD-K60160658
FDPS,2224,BRD-K60212747
DGAT2,84649,BRD-K60237333
HCAR1,27198,BRD-K60237333
HCAR2,338442,BRD-K60237333
HCAR3,8843,BRD-K60237333
NNMT,4837,BRD-K60237333
QPRT,23475,BRD-K60237333
CPS1,1373,BRD-K60240222
ADK,132,BRD-K60369935
ENPP1,5167,BRD-K60369935
IMPDH1,3614,BRD-K60369935
IMPDH2,3615,BRD-K60369935
NT5C2,22978,BRD-K60369935
BTK,695,BRD-K60421517
EGFR,1956,BRD-K60421517
HMGCR,3156,BRD-K60511616
SLCO1B1,10599,BRD-K60511616
ACHE,43,BRD-K60567437
VDR,7421,BRD-K60585088
NR3C1,2908,BRD-K60640630
ADRA1A,148,BRD-K60762818
ADRA1B,147,BRD-K60762818
ADRA1D,146,BRD-K60762818
ADRA2A,150,BRD-K60762818
ADRA2B,151,BRD-K60762818
ADRA2C,152,BRD-K60762818
ADRB1,153,BRD-K60762818
ADRB2,154,BRD-K60762818
CHRM1,1128,BRD-K60762818
CHRM2,1129,BRD-K60762818
CHRM3,1131,BRD-K60762818
CHRM4,1132,BRD-K60762818
CHRM5,1133,BRD-K60762818
DRD2,1813,BRD-K60762818
HRH1,3269,BRD-K60762818
HTR1A,3350,BRD-K60762818
HTR2A,3356,BRD-K60762818
HTR2C,3358,BRD-K60762818
SLC6A2,6530,BRD-K60762818
SLC6A4,6532,BRD-K60762818
SMPD1,6609,BRD-K60762818
ADRA1A,148,BRD-K60770992
ADRA1B,147,BRD-K60770992
ADRA1D,146,BRD-K60770992
ADRA2A,150,BRD-K60770992
ADRA2B,151,BRD-K60770992
ADRA2C,152,BRD-K60770992
DRD1,1812,BRD-K60770992
DRD2,1813,BRD-K60770992
DRD3,1814,BRD-K60770992
DRD4,1815,BRD-K60770992
DRD5,1816,BRD-K60770992
HTR1A,3350,BRD-K60770992
HTR1B,3351,BRD-K60770992
HTR1D,3352,BRD-K60770992
HTR2A,3356,BRD-K60770992
HTR2B,3357,BRD-K60770992
HTR2C,3358,BRD-K60770992
PIK3CA,5290,BRD-K60866521
PIK3CB,5291,BRD-K60866521
PIK3CD,5293,BRD-K60866521
PIK3CG,5294,BRD-K60866521
CHRNA1,1134,BRD-K60907894
TYMS,7298,BRD-K61192372
THRA,7067,BRD-K61236135
THRB,7068,BRD-K61236135
SCN10A,6336,BRD-K61237927
SCN11A,11280,BRD-K61237927
SCN1A,6323,BRD-K61237927
SCN2A,6326,BRD-K61237927
SCN3A,6328,BRD-K61237927
SCN4A,6329,BRD-K61237927
SCN5A,6331,BRD-K61237927
SCN7A,6332,BRD-K61237927
SCN8A,6334,BRD-K61237927
SCN9A,6335,BRD-K61237927
CACNA1A,773,BRD-K61250553
CALM1,801,BRD-K61250553
OPRD1,4985,BRD-K61250553
OPRK1,4986,BRD-K61250553
OPRM1,4988,BRD-K61250553
POMC,5443,BRD-K61250553
HTR1A,3350,BRD-K61337602
HTR1B,3351,BRD-K61337602
HTR1D,3352,BRD-K61337602
HTR1E,3354,BRD-K61337602
HTR1F,3355,BRD-K61337602
HDAC1,3065,BRD-K61397605
HDAC2,3066,BRD-K61397605
HDAC3,8841,BRD-K61397605
HDAC4,9759,BRD-K61397605
HDAC5,10014,BRD-K61397605
HDAC6,10013,BRD-K61397605
HDAC7,51564,BRD-K61397605
HDAC8,55869,BRD-K61397605
HDAC9,9734,BRD-K61397605
ATP4A,495,BRD-K61443506
OXCT1,5019,BRD-K61443650
NR3C1,2908,BRD-K61496577
PLA2G1B,5319,BRD-K61496577
TOP2A,7153,BRD-K61717546
CYP1A2,1544,BRD-K61868322
BCL2,596,BRD-K62008436
MAP2,4133,BRD-K62008436
MAP4,4134,BRD-K62008436
MAPT,4137,BRD-K62008436
NR1I2,8856,BRD-K62008436
TLR4,7099,BRD-K62008436
TUBA1A,7846,BRD-K62008436
TUBA1B,10376,BRD-K62008436
TUBA1C,84790,BRD-K62008436
TUBA3C,7278,BRD-K62008436
TUBA3D,113457,BRD-K62008436
TUBA3E,112714,BRD-K62008436
TUBA4A,7277,BRD-K62008436
TUBB,203068,BRD-K62008436
TUBB1,81027,BRD-K62008436
TUBB2A,7280,BRD-K62008436
TUBB2B,347733,BRD-K62008436
TUBB3,10381,BRD-K62008436
TUBB4A,10382,BRD-K62008436
TUBB4B,10383,BRD-K62008436
TUBB6,84617,BRD-K62008436
TUBB8,347688,BRD-K62008436
RARA,5914,BRD-K62012036
RARB,5915,BRD-K62012036
RARG,5916,BRD-K62012036
RBP1,5947,BRD-K62012036
RXRA,6256,BRD-K62012036
RXRB,6257,BRD-K62012036
RXRG,6258,BRD-K62012036
STAT3,6774,BRD-K62012036
FLT1,2321,BRD-K62040061
FLT3,2322,BRD-K62040061
KDR,3791,BRD-K62040061
PDGFRA,5156,BRD-K62040061
PDGFRB,5159,BRD-K62040061
PTGER4,5734,BRD-K62050508
PDE3A,5139,BRD-K62200014
CRHR1,1394,BRD-K62264492
CRHR2,1395,BRD-K62264492
AADAT,51166,BRD-K62309135
AASS,10157,BRD-K62309135
ABAT,18,BRD-K62309135
ALDH18A1,5832,BRD-K62309135
ASNS,440,BRD-K62309135
BCAT1,586,BRD-K62309135
BCAT2,587,BRD-K62309135
CCBL2,56267,BRD-K62309135
DNPEP,23549,BRD-K62309135
EARS2,124454,BRD-K62309135
ENPEP,2028,BRD-K62309135
EPRS,2058,BRD-K62309135
FOLH1,2346,BRD-K62309135
FPGS,2356,BRD-K62309135
FTCD,10841,BRD-K62309135
GAD1,2571,BRD-K62309135
GAD2,2572,BRD-K62309135
GATB,5188,BRD-K62309135
GCLC,2729,BRD-K62309135
GCLM,2730,BRD-K62309135
GGCX,2677,BRD-K62309135
GLS,2744,BRD-K62309135
GLS2,27165,BRD-K62309135
GLUD1,2746,BRD-K62309135
GLUD2,2747,BRD-K62309135
GLUL,2752,BRD-K62309135
GMPS,8833,BRD-K62309135
GOT1,2805,BRD-K62309135
GOT2,2806,BRD-K62309135
GPT,2875,BRD-K62309135
GPT2,84706,BRD-K62309135
GRIA1,2890,BRD-K62309135
GRIA2,2891,BRD-K62309135
GRIA3,2892,BRD-K62309135
GRIA4,2893,BRD-K62309135
GRID1,2894,BRD-K62309135
GRID2,2895,BRD-K62309135
GRIK1,2897,BRD-K62309135
GRIK2,2898,BRD-K62309135
GRIK3,2899,BRD-K62309135
GRIK4,2900,BRD-K62309135
GRIK5,2901,BRD-K62309135
GRIN1,2902,BRD-K62309135
GRIN2A,2903,BRD-K62309135
GRIN2B,2904,BRD-K62309135
GRIN2C,2905,BRD-K62309135
GRIN2D,2906,BRD-K62309135
GRIN3A,116443,BRD-K62309135
GRIN3B,116444,BRD-K62309135
GRM1,2911,BRD-K62309135
GRM2,2912,BRD-K62309135
GRM3,2913,BRD-K62309135
GRM4,2914,BRD-K62309135
GRM6,2916,BRD-K62309135
GRM7,2917,BRD-K62309135
GRM8,2918,BRD-K62309135
LGSN,51557,BRD-K62309135
NADSYN1,55191,BRD-K62309135
NAGS,162417,BRD-K62309135
OPLAH,26873,BRD-K62309135
PFAS,5198,BRD-K62309135
PGCP,10404,BRD-K62309135
PSAT1,29968,BRD-K62309135
SLC1A1,6505,BRD-K62309135
SLC1A2,6506,BRD-K62309135
SLC1A3,6507,BRD-K62309135
SLC1A6,6511,BRD-K62309135
SLC1A7,6512,BRD-K62309135
SLC25A18,83733,BRD-K62309135
SLC25A22,79751,BRD-K62309135
SLC7A11,23657,BRD-K62309135
TAT,6898,BRD-K62309135
NR3C1,2908,BRD-K62310379
NR3C2,4306,BRD-K62310379
PGR,5241,BRD-K62310379
PLA2G4A,5321,BRD-K62310379
DHFR,1719,BRD-K62363391
BCL2,596,BRD-K62391742
SLC6A2,6530,BRD-K62676709
GNRHR,2798,BRD-K62685538
FNTA,2339,BRD-K62734952
NFKB1,4790,BRD-K62734952
ADRA2A,150,BRD-K62736196
ADRA2B,151,BRD-K62736196
ADRA2C,152,BRD-K62736196
ADORA1,134,BRD-K62737565
CACNA1A,773,BRD-K62737565
CACNA1B,774,BRD-K62737565
CACNA1C,775,BRD-K62737565
CACNA1D,776,BRD-K62737565
CACNA1E,777,BRD-K62737565
CACNA1F,778,BRD-K62737565
CACNA1G,8913,BRD-K62737565
CACNA1H,8912,BRD-K62737565
CACNA1I,8911,BRD-K62737565
CACNA1S,779,BRD-K62737565
CACNA2D1,781,BRD-K62737565
CACNA2D2,9254,BRD-K62737565
CACNA2D3,55799,BRD-K62737565
CACNA2D4,93589,BRD-K62737565
CACNB1,782,BRD-K62737565
CACNB2,783,BRD-K62737565
CACNB3,784,BRD-K62737565
CACNB4,785,BRD-K62737565
CACNG1,786,BRD-K62737565
CACNG2,10369,BRD-K62737565
CACNG3,10368,BRD-K62737565
CACNG4,27092,BRD-K62737565
CACNG5,27091,BRD-K62737565
CACNG6,59285,BRD-K62737565
CACNG7,59284,BRD-K62737565
CACNG8,59283,BRD-K62737565
GRIN1,2902,BRD-K62737565
GRIN2A,2903,BRD-K62737565
GRIN2B,2904,BRD-K62737565
GRIN2C,2905,BRD-K62737565
GRIN2D,2906,BRD-K62737565
GRIN3A,116443,BRD-K62737565
GRIN3B,116444,BRD-K62737565
VDR,7421,BRD-K62779383
CHRM1,1128,BRD-K62782754
CHRM2,1129,BRD-K62782754
CHRM3,1131,BRD-K62782754
CACNA1B,774,BRD-K62858456
SCN5A,6331,BRD-K62858456
MTNR1A,4543,BRD-K62971431
MTNR1B,4544,BRD-K62971431
SCN1A,6323,BRD-K62996583
SCN3A,6328,BRD-K62996583
SLC29A1,2030,BRD-K62996583
ADRA1A,148,BRD-K63126190
ADRA1B,147,BRD-K63126190
ADRA1D,146,BRD-K63126190
ADRA2A,150,BRD-K63126190
ADRA2B,151,BRD-K63126190
ADRA2C,152,BRD-K63126190
ADRB1,153,BRD-K63126190
ADRB2,154,BRD-K63126190
ADRB3,155,BRD-K63126190
PAH,5053,BRD-K63126190
TNF,7124,BRD-K63126190
SLC15A1,6564,BRD-K63242551
SLC15A2,6565,BRD-K63242551
SLC22A6,9356,BRD-K63242551
SLC22A8,9376,BRD-K63242551
CNR1,1268,BRD-K63343048
DAGLA,747,BRD-K63343048
DAGLB,221955,BRD-K63343048
FASN,2194,BRD-K63343048
LIPF,8513,BRD-K63343048
PNLIP,5406,BRD-K63343048
CYP1A1,1543,BRD-K63430059
CYP1A2,1544,BRD-K63430059
CYP2A13,1553,BRD-K63430059
CYP2A6,1548,BRD-K63430059
CYP3A4,1576,BRD-K63430059
MLNR,2862,BRD-K63550407
ATP1A1,476,BRD-K63630713
SLC12A1,6557,BRD-K63630713
ATP1A1,476,BRD-K63668566
ATP1A2,477,BRD-K63668566
ATP1A3,478,BRD-K63668566
ATP1A4,480,BRD-K63668566
ATP1B1,481,BRD-K63668566
ATP1B2,482,BRD-K63668566
ATP1B3,483,BRD-K63668566
FXYD2,486,BRD-K63668566
CHRM1,1128,BRD-K63675182
CHRM2,1129,BRD-K63675182
DRD1,1812,BRD-K63675182
DRD2,1813,BRD-K63675182
HTR2B,3357,BRD-K63675182
HCAR2,338442,BRD-K63736853
IMPDH1,3614,BRD-K63750851
IMPDH2,3615,BRD-K63750851
BDKRB2,624,BRD-K63772874
ESR1,2099,BRD-K63794707
ESR2,2100,BRD-K63794707
EDNRA,1909,BRD-K63806092
EDNRB,1910,BRD-K63806092
ESR1,2099,BRD-K63828191
ESR2,2100,BRD-K63828191
GUCY1A3,2982,BRD-K63861289
EGFR,1956,BRD-K64052750
P2RY12,64805,BRD-K64054020
PTGER1,5731,BRD-K64054020
PTGER4,5734,BRD-K64054020
PTGIR,5739,BRD-K64054020
PTGIS,5740,BRD-K64054020
PGR,5241,BRD-K64381438
ADRA2B,151,BRD-K64557645
DRD2,1813,BRD-K64557645
DRD3,1814,BRD-K64557645
DRD4,1815,BRD-K64557645
HRH1,3269,BRD-K64557645
HTR1A,3350,BRD-K64557645
HTR1B,3351,BRD-K64557645
HTR1D,3352,BRD-K64557645
HTR1E,3354,BRD-K64557645
HTR2A,3356,BRD-K64557645
HTR2C,3358,BRD-K64557645
HTR6,3362,BRD-K64557645
HTR7,3363,BRD-K64557645
SLC6A2,6530,BRD-K64557645
SLC6A4,6532,BRD-K64557645
CYSLTR1,10800,BRD-K64716392
CYSLTR2,57105,BRD-K64716392
FPR1,2357,BRD-K64716392
HSP90AA1,3320,BRD-K64716392
PTGDR,5729,BRD-K64716392
LPA,4018,BRD-K64931368
PLAT,5327,BRD-K64931368
PLG,5340,BRD-K64931368
SLC6A4,6532,BRD-K64973364
ESR1,2099,BRD-K64984393
CATSPER1,117144,BRD-K64994968
CATSPER2,117155,BRD-K64994968
CATSPER3,347732,BRD-K64994968
CATSPER4,378807,BRD-K64994968
CYP17A1,1586,BRD-K64994968
ESR1,2099,BRD-K64994968
NR3C2,4306,BRD-K64994968
OPRK1,4986,BRD-K64994968
PGR,5241,BRD-K64994968
TRPC5,7224,BRD-K64994968
PTGFR,5737,BRD-K65059905
PTGS1,5742,BRD-K65146499
PTGS2,5743,BRD-K65146499
TYR,7299,BRD-K65716359
PDE5A,8654,BRD-K65781196
HTR1A,3350,BRD-K65904673
NOS1,4842,BRD-K65978409
EGFR,1956,BRD-K66175015
ERBB2,2064,BRD-K66175015
ERBB4,2066,BRD-K66175015
CHRNA10,57053,BRD-K66206289
CHRNA9,55584,BRD-K66206289
SLC18A2,6571,BRD-K66206289
HMGCR,3156,BRD-K66296774
OPRD1,4985,BRD-K66404838
OPRK1,4986,BRD-K66404838
OPRM1,4988,BRD-K66404838
TOP2A,7153,BRD-K66615216
ESR1,2099,BRD-K66766661
ADA,100,BRD-K66788707
DCK,1633,BRD-K66788707
POLA1,5422,BRD-K66788707
RRM1,6240,BRD-K66788707
RRM2,6241,BRD-K66788707
METAP2,10988,BRD-K66808046
MGAM,8972,BRD-K66850609
MAOA,4128,BRD-K66876909
MAOB,4129,BRD-K66876909
GABRA1,2554,BRD-K66896751
PDE3A,5139,BRD-K67017579
PDE3B,5140,BRD-K67017579
PDE2A,5138,BRD-K67080878
PDE3A,5139,BRD-K67080878
PDE3B,5140,BRD-K67080878
PDE5A,8654,BRD-K67080878
HDAC1,3065,BRD-K67102207
F10,2159,BRD-K67121414
ALB,213,BRD-K67261995
TBXA2R,6915,BRD-K67277431
CYP3A4,1576,BRD-K67463151
CYP3A5,1577,BRD-K67463151
CYP3A7,1551,BRD-K67463151
POU2F2,5452,BRD-K67463151
UGT1A1,54658,BRD-K67463151
CREB1,1385,BRD-K67511046
ESR1,2099,BRD-K67511046
OPRD1,4985,BRD-K67511046
OPRK1,4986,BRD-K67511046
OPRM1,4988,BRD-K67511046
TLR4,7099,BRD-K67511046
PTGS1,5742,BRD-K67563174
PTGS2,5743,BRD-K67563174
HTR1B,3351,BRD-K67601717
HTR1D,3352,BRD-K67601717
HRH1,3269,BRD-K67637637
S100A1,6271,BRD-K67637637
S100A12,6283,BRD-K67637637
S100A13,6284,BRD-K67637637
S100A2,6273,BRD-K67637637
S100B,6285,BRD-K67637637
DRD1,1812,BRD-K67783091
DRD2,1813,BRD-K67783091
DRD3,1814,BRD-K67783091
DRD4,1815,BRD-K67783091
DRD5,1816,BRD-K67783091
GRIN2B,2904,BRD-K67783091
HRH1,3269,BRD-K67783091
HTR1A,3350,BRD-K67783091
HTR1D,3352,BRD-K67783091
HTR2A,3356,BRD-K67783091
HTR2B,3357,BRD-K67783091
HTR7,3363,BRD-K67783091
KCNH1,3756,BRD-K67783091
ADRA1A,148,BRD-K67943528
ADRA2A,150,BRD-K67943528
ADRA2B,151,BRD-K67943528
ADRA2C,152,BRD-K67943528
DRD1,1812,BRD-K67943528
DRD2,1813,BRD-K67943528
DRD3,1814,BRD-K67943528
DRD4,1815,BRD-K67943528
DRD5,1816,BRD-K67943528
HTR1A,3350,BRD-K67943528
HTR1B,3351,BRD-K67943528
HTR1D,3352,BRD-K67943528
HTR2A,3356,BRD-K67943528
HTR2B,3357,BRD-K67943528
HTR2C,3358,BRD-K67943528
HTR6,3362,BRD-K67943528
ACE,1636,BRD-K67966701
ACE2,59272,BRD-K67966701
AGTR1,185,BRD-K67977190
CNR2,1269,BRD-K68095457
GPR119,139760,BRD-K68095457
GPR55,9290,BRD-K68095457
SQLE,6713,BRD-K68132782
GABRA1,2554,BRD-K68232413
ADRA2A,150,BRD-K68264559
ADRA2B,151,BRD-K68264559
ADRA2C,152,BRD-K68264559
KCNH2,3757,BRD-K68346641
TOP2A,7153,BRD-K68346641
GRM3,2913,BRD-K68405354
OPRD1,4985,BRD-K68407436
OPRK1,4986,BRD-K68407436
OPRM1,4988,BRD-K68407436
CHRM1,1128,BRD-K68507560
CHRM2,1129,BRD-K68507560
CHRM3,1131,BRD-K68507560
PTGS2,5743,BRD-K68538666
PTGS2,5743,BRD-K68558722
PGR,5241,BRD-K68620903
SLC12A1,6557,BRD-K68770713
SLC12A2,6558,BRD-K68770713
CHRM1,1128,BRD-K68804560
HRH1,3269,BRD-K68804560
SLC6A3,6531,BRD-K68804560
ITGA2B,3674,BRD-K68830460
ITGB3,3690,BRD-K68830460
ADRA1A,148,BRD-K68867920
ADRA1B,147,BRD-K68867920
ADRA1D,146,BRD-K68867920
ADRA2A,150,BRD-K68867920
ADRA2B,151,BRD-K68867920
ADRA2C,152,BRD-K68867920
CHRM1,1128,BRD-K68867920
CHRM2,1129,BRD-K68867920
CHRM3,1131,BRD-K68867920
CHRM4,1132,BRD-K68867920
CHRM5,1133,BRD-K68867920
DRD1,1812,BRD-K68867920
DRD2,1813,BRD-K68867920
DRD3,1814,BRD-K68867920
DRD4,1815,BRD-K68867920
DRD5,1816,BRD-K68867920
HRH1,3269,BRD-K68867920
HTR1A,3350,BRD-K68867920
HTR1B,3351,BRD-K68867920
HTR1D,3352,BRD-K68867920
HTR1E,3354,BRD-K68867920
HTR1F,3355,BRD-K68867920
HTR2A,3356,BRD-K68867920
HTR2C,3358,BRD-K68867920
HTR3A,3359,BRD-K68867920
HTR6,3362,BRD-K68867920
HTR7,3363,BRD-K68867920
SLC6A2,6530,BRD-K68867920
ADRA1A,148,BRD-K69116396
ADRA1B,147,BRD-K69116396
ADRA1D,146,BRD-K69116396
DRD2,1813,BRD-K69116396
DRD3,1814,BRD-K69116396
DRD4,1815,BRD-K69116396
HRH1,3269,BRD-K69116396
HTR1A,3350,BRD-K69116396
HTR1B,3351,BRD-K69116396
HTR1D,3352,BRD-K69116396
HTR1E,3354,BRD-K69116396
HTR1F,3355,BRD-K69116396
HTR2A,3356,BRD-K69116396
HTR2C,3358,BRD-K69116396
HTR6,3362,BRD-K69116396
KCNH2,3757,BRD-K69116396
IL1B,3553,BRD-K69122748
XIAP,331,BRD-K69172251
CFTR,1080,BRD-K69236721
AKR1C1,1645,BRD-K69253806
ESR1,2099,BRD-K69253806
ESR2,2100,BRD-K69253806
TUBA1A,7846,BRD-K69280563
TUBA1B,10376,BRD-K69280563
TUBA1C,84790,BRD-K69280563
TUBA3C,7278,BRD-K69280563
TUBA3D,113457,BRD-K69280563
TUBA3E,112714,BRD-K69280563
TUBA4A,7277,BRD-K69280563
TUBB,203068,BRD-K69280563
TUBB1,81027,BRD-K69280563
TUBB2A,7280,BRD-K69280563
TUBB2B,347733,BRD-K69280563
TUBB3,10381,BRD-K69280563
TUBB4A,10382,BRD-K69280563
TUBB4B,10383,BRD-K69280563
TUBB6,84617,BRD-K69280563
TUBB8,347688,BRD-K69280563
ALOX5,240,BRD-K69470111
CYSLTR1,10800,BRD-K69470111
DRD1,1812,BRD-K69600043
DRD2,1813,BRD-K69600043
DRD4,1815,BRD-K69600043
FKBP1A,2280,BRD-K69608737
TOP2A,7153,BRD-K69650333
ACHE,43,BRD-K69688083
BCHE,590,BRD-K69688083
AHR,196,BRD-K69726342
DPP4,1803,BRD-K69726342
HMGCR,3156,BRD-K69726342
PTGS1,5742,BRD-K69907333
PTGS2,5743,BRD-K69907333
BLVRB,645,BRD-K70246307
RFK,55312,BRD-K70246307
AR,367,BRD-K70264088
ESR1,2099,BRD-K70264088
ESR2,2100,BRD-K70264088
NR1H4,9971,BRD-K70264088
NR1I2,8856,BRD-K70264088
NR3C1,2908,BRD-K70264088
PGR,5241,BRD-K70264088
BLK,640,BRD-K70301465
BMX,660,BRD-K70301465
BTK,695,BRD-K70301465
SLC6A4,6532,BRD-K70301876
F2,2147,BRD-K70327167
FSHR,2492,BRD-K70327167
P2RY1,5028,BRD-K70327167
P2RY11,5032,BRD-K70327167
P2RY13,53829,BRD-K70327167
P2RY2,5029,BRD-K70327167
PLA2G2A,5320,BRD-K70327167
RYR1,6261,BRD-K70327167
RYR2,6262,BRD-K70327167
SIRT5,23408,BRD-K70327167
DRD2,1813,BRD-K70330367
GRIN2A,2903,BRD-K70330367
GRIN2B,2904,BRD-K70330367
GRIN2C,2905,BRD-K70330367
GRIN2D,2906,BRD-K70330367
GRIN3A,116443,BRD-K70330367
ADRA1A,148,BRD-K70358946
ADRA1B,147,BRD-K70358946
ADRA2A,150,BRD-K70358946
ADRA2B,151,BRD-K70358946
ADRA2C,152,BRD-K70358946
CHRM1,1128,BRD-K70358946
CHRM2,1129,BRD-K70358946
CHRM3,1131,BRD-K70358946
CHRM4,1132,BRD-K70358946
CHRM5,1133,BRD-K70358946
DRD1,1812,BRD-K70358946
DRD2,1813,BRD-K70358946
DRD3,1814,BRD-K70358946
DRD4,1815,BRD-K70358946
DRD5,1816,BRD-K70358946
HRH1,3269,BRD-K70358946
HTR1A,3350,BRD-K70358946
HTR1B,3351,BRD-K70358946
HTR1D,3352,BRD-K70358946
HTR1E,3354,BRD-K70358946
HTR2A,3356,BRD-K70358946
HTR2C,3358,BRD-K70358946
HTR3A,3359,BRD-K70358946
HTR6,3362,BRD-K70358946
HTR7,3363,BRD-K70358946
EGFR,1956,BRD-K70401845
NR1I2,8856,BRD-K70401845
ADRA1A,148,BRD-K70487031
CHRM1,1128,BRD-K70487031
DRD1,1812,BRD-K70487031
DRD2,1813,BRD-K70487031
DRD3,1814,BRD-K70487031
DRD5,1816,BRD-K70487031
HTR2A,3356,BRD-K70487031
KDR,3791,BRD-K70504253
ADORA1,134,BRD-K70507123
PDE4A,5141,BRD-K70507123
PDE4B,5142,BRD-K70507123
PDE4C,5143,BRD-K70507123
PDE4D,5144,BRD-K70507123
POLR2A,5430,BRD-K70578146
VKORC1,79001,BRD-K70592963
ADRA1A,148,BRD-K70778732
ADRA2A,150,BRD-K70778732
HRH1,3269,BRD-K70778732
HTR1A,3350,BRD-K70778732
HTR2A,3356,BRD-K70778732
HTR2B,3357,BRD-K70778732
HTR2C,3358,BRD-K70778732
SLC6A4,6532,BRD-K70778732
PTGS1,5742,BRD-K70924353
PTGS2,5743,BRD-K70924353
CXCR4,7852,BRD-K71013094
FGFR3,2261,BRD-K71035033
KIT,3815,BRD-K71035033
PDGFRA,5156,BRD-K71035033
PDGFRB,5159,BRD-K71035033
HTR2A,3356,BRD-K71103788
HTR2C,3358,BRD-K71103788
HTR6,3362,BRD-K71103788
SLC6A2,6530,BRD-K71103788
SLC6A3,6531,BRD-K71103788
SLC6A4,6532,BRD-K71103788
POLA1,5422,BRD-K71106091
POLD1,5424,BRD-K71106091
POLE,5426,BRD-K71106091
RRM1,6240,BRD-K71106091
RRM2,6241,BRD-K71106091
RRM2B,50484,BRD-K71106091
CYSLTR1,10800,BRD-K71289571
CYSLTR2,57105,BRD-K71289571
NR3C1,2908,BRD-K71487404
PLA2G1B,5319,BRD-K71487404
CA1,759,BRD-K71499074
CA12,771,BRD-K71499074
CA2,760,BRD-K71499074
CA4,762,BRD-K71499074
CA7,766,BRD-K71499074
NFKB1,4790,BRD-K71696703
NOS2,4843,BRD-K71696703
PDE10A,10846,BRD-K71696703
PTGS1,5742,BRD-K71696703
SCN10A,6336,BRD-K71799949
SCN11A,11280,BRD-K71799949
SCN1A,6323,BRD-K71799949
SCN2A,6326,BRD-K71799949
SCN3A,6328,BRD-K71799949
SCN4A,6329,BRD-K71799949
SCN5A,6331,BRD-K71799949
SCN7A,6332,BRD-K71799949
SCN8A,6334,BRD-K71799949
SCN9A,6335,BRD-K71799949
GLRA1,2741,BRD-K71822263
GRIN1,2902,BRD-K71822263
GRIN2A,2903,BRD-K71822263
GRIN2B,2904,BRD-K71822263
GRIN2C,2905,BRD-K71822263
GRIN2D,2906,BRD-K71822263
SERPINB3,6317,BRD-K71822263
UCK2,7371,BRD-K71847383
ALDH1A1,216,BRD-K71879491
ALDH1A2,8854,BRD-K71879491
GPRC5A,9052,BRD-K71879491
NR0B1,190,BRD-K71879491
NR2C2,7182,BRD-K71879491
PPARD,5467,BRD-K71879491
RARA,5914,BRD-K71879491
RARB,5915,BRD-K71879491
RARG,5916,BRD-K71879491
RARRES1,5918,BRD-K71879491
RORB,6096,BRD-K71879491
RORC,6097,BRD-K71879491
RXRB,6257,BRD-K71879491
RXRG,6258,BRD-K71879491
ABCA1,19,BRD-K72029282
ABCB11,8647,BRD-K72029282
CES1,1066,BRD-K72029282
ADA,100,BRD-K72093121
ADRA2A,150,BRD-K72166146
DRD2,1813,BRD-K72166146
HTR1B,3351,BRD-K72166146
HTR1D,3352,BRD-K72166146
HTR1E,3354,BRD-K72166146
HTR1F,3355,BRD-K72166146
HTR2B,3357,BRD-K72166146
HTR7,3363,BRD-K72166146
GAST,2520,BRD-K72215350
ACE,1636,BRD-K72222507
SCN10A,6336,BRD-K72259270
SCN5A,6331,BRD-K72259270
TOP2A,7153,BRD-K72533376
SLC25A4,291,BRD-K72542090
SLC25A5,292,BRD-K72542090
SLC25A6,293,BRD-K72542090
SCN10A,6336,BRD-K72723676
TERT,7015,BRD-K72903603
CTSA,5476,BRD-K72912098
PGR,5241,BRD-K72912098
TOP2A,7153,BRD-K72951360
NR3C1,2908,BRD-K72992801
AVPR1A,552,BRD-K73028949
AVPR1B,553,BRD-K73028949
AVPR2,554,BRD-K73028949
OXTR,5021,BRD-K73028949
ALPL,249,BRD-K73107279
ATP1A1,476,BRD-K73109821
CA1,759,BRD-K73109821
CA2,760,BRD-K73109821
KCNJ11,3767,BRD-K73109821
KCNJ8,3764,BRD-K73109821
KCNMA1,3778,BRD-K73109821
SLC12A3,6559,BRD-K73109821
HTR1A,3350,BRD-K73196317
VDR,7421,BRD-K73237276
ADRA1A,148,BRD-K73381542
ADRA1B,147,BRD-K73381542
ADRA1D,146,BRD-K73381542
AVPR1A,552,BRD-K73451719
F2,2147,BRD-K73504359
PTGS1,5742,BRD-K73541271
PTGS2,5743,BRD-K73541271
HRH2,3274,BRD-K73589491
DRD2,1813,BRD-K73642618
CASR,846,BRD-K73838513
CYP3A4,1576,BRD-K73881242
ALPPL2,251,BRD-K73947551
ENPP1,5167,BRD-K73947551
AGTR1,185,BRD-K73999723
PPARG,5468,BRD-K73999723
HMOX1,3162,BRD-K74057164
HMOX2,3163,BRD-K74057164
CYP1A2,1544,BRD-K74117820
CYP2B6,1555,BRD-K74117820
CYP2C19,1557,BRD-K74117820
CYP2C9,1559,BRD-K74117820
CYP2D6,1565,BRD-K74117820
CYP3A4,1576,BRD-K74117820
CYP3A7,1551,BRD-K74117820
CHRNA2,1135,BRD-K74186897
CHRNA3,1136,BRD-K74186897
CHRNA4,1137,BRD-K74186897
CHRNA6,8973,BRD-K74186897
CHRNA7,1139,BRD-K74186897
CHRNB2,1141,BRD-K74186897
CHRNB4,1143,BRD-K74186897
CA12,771,BRD-K74190368
CA14,23632,BRD-K74190368
CA2,760,BRD-K74190368
PTGS1,5742,BRD-K74190368
PDE4A,5141,BRD-K74195153
ADRA1A,148,BRD-K74339692
ADRA1B,147,BRD-K74339692
ADRA1D,146,BRD-K74339692
CHRM1,1128,BRD-K74363950
CHRM2,1129,BRD-K74363950
CHRM3,1131,BRD-K74363950
CHRM4,1132,BRD-K74363950
CHRM5,1133,BRD-K74363950
MLNR,2862,BRD-K74501079
CSF1R,1436,BRD-K74514084
FGF1,2246,BRD-K74514084
FGFR1,2260,BRD-K74514084
FGFR3,2261,BRD-K74514084
FLT1,2321,BRD-K74514084
FLT4,2324,BRD-K74514084
ITK,3702,BRD-K74514084
KDR,3791,BRD-K74514084
KIT,3815,BRD-K74514084
PDGFRA,5156,BRD-K74514084
PDGFRB,5159,BRD-K74514084
SH2B3,10019,BRD-K74514084
CYP2C19,1557,BRD-K74717603
CYP2C9,1559,BRD-K74717603
CYP3A4,1576,BRD-K74717603
ACTA1,58,BRD-K74724920
ATOX1,475,BRD-K74724920
C22orf28,51493,BRD-K74724920
LYZ,4069,BRD-K74724920
EDNRA,1909,BRD-K74763371
EDNRB,1910,BRD-K74763371
CA1,759,BRD-K74913225
CA12,771,BRD-K74913225
CA14,23632,BRD-K74913225
CA2,760,BRD-K74913225
CA4,762,BRD-K74913225
CA5A,763,BRD-K74913225
CA7,766,BRD-K74913225
SLC22A12,116085,BRD-K75024268
CHRM1,1128,BRD-K75037734
CHRM2,1129,BRD-K75037734
CHRM3,1131,BRD-K75037734
CHRM4,1132,BRD-K75037734
CHRM5,1133,BRD-K75037734
CHRNA2,1135,BRD-K75037734
DNMT1,1786,BRD-K75089421
SCN5A,6331,BRD-K75089421
ESR1,2099,BRD-K75097983
SCN5A,6331,BRD-K75250001
HTR1A,3350,BRD-K75385383
HTR2A,3356,BRD-K75385383
HTR2C,3358,BRD-K75385383
SCN10A,6336,BRD-K75466013
ATP6V1A,523,BRD-K75527158
FDPS,2224,BRD-K75527158
PTPN4,5775,BRD-K75527158
PTPRE,5791,BRD-K75527158
PTPRS,5802,BRD-K75527158
ADRA2A,150,BRD-K75615183
DRD2,1813,BRD-K75615183
HTR3A,3359,BRD-K75615183
CHRM1,1128,BRD-K75641298
DRD2,1813,BRD-K75641298
HTR3A,3359,BRD-K75641298
HTR3B,9177,BRD-K75641298
HTR4,3360,BRD-K75641298
HTR1A,3350,BRD-K75699339
HTR1B,3351,BRD-K75699339
HTR1D,3352,BRD-K75699339
HTR1E,3354,BRD-K75699339
HTR1F,3355,BRD-K75699339
HTR1A,3350,BRD-K75958195
HTR2A,3356,BRD-K75958195
HTR2C,3358,BRD-K75958195
HMGCR,3156,BRD-K75958547
CES1,1066,BRD-K76011241
NEU1,4758,BRD-K76011241
NEU2,4759,BRD-K76011241
RYR1,6261,BRD-K76021681
ADRA2A,150,BRD-K76022557
ADRA2B,151,BRD-K76022557
ADRA2C,152,BRD-K76022557
CALY,50632,BRD-K76022557
DRD1,1812,BRD-K76022557
DRD2,1813,BRD-K76022557
DRD3,1814,BRD-K76022557
DRD4,1815,BRD-K76022557
DRD5,1816,BRD-K76022557
HTR1A,3350,BRD-K76022557
HTR1B,3351,BRD-K76022557
HTR1D,3352,BRD-K76022557
HTR2A,3356,BRD-K76022557
HTR2B,3357,BRD-K76022557
HTR2C,3358,BRD-K76022557
HTR5A,3361,BRD-K76022557
ALDH2,217,BRD-K76037122
DLG4,1742,BRD-K76037122
GAMT,2593,BRD-K76037122
RNASE1,6035,BRD-K76037122
PDXK,8566,BRD-K76204040
AGTR1,185,BRD-K76205745
SCN1A,6323,BRD-K76304753
GNRHR,2798,BRD-K76315403
LHCGR,3973,BRD-K76315403
TACR1,6869,BRD-K76594255
PKIA,5569,BRD-K76617868
PRKACA,5566,BRD-K76617868
ROCK1,6093,BRD-K76617868
ROCK2,9475,BRD-K76617868
BGLAP,632,BRD-K76661572
GGCX,2677,BRD-K76661572
RPL3,6122,BRD-K76674262
RARA,5914,BRD-K76723084
RARB,5915,BRD-K76723084
RARG,5916,BRD-K76723084
LTF,4057,BRD-K76775527
PLA2G2E,30814,BRD-K76775527
PTGS1,5742,BRD-K76775527
PTGS2,5743,BRD-K76775527
ADRA1A,148,BRD-K76810206
PTGS1,5742,BRD-K76812510
RARA,5914,BRD-K76841105
RARB,5915,BRD-K76841105
RARG,5916,BRD-K76841105
RXRB,6257,BRD-K76841105
ADRA1A,148,BRD-K76953762
ADRA1B,147,BRD-K76953762
ADRA1D,146,BRD-K76953762
ADRA2B,151,BRD-K76953762
ADRA2C,152,BRD-K76953762
TOP2A,7153,BRD-K77038618
VDR,7421,BRD-K77175907
SLC6A2,6530,BRD-K77224738
ADRA2A,150,BRD-K77474816
ADRA2B,151,BRD-K77474816
ADRA2C,152,BRD-K77474816
HTR1B,3351,BRD-K77474816
HTR1D,3352,BRD-K77474816
HTR1E,3354,BRD-K77474816
HTR2B,3357,BRD-K77474816
NR3C1,2908,BRD-K77554836
XDH,7498,BRD-K77561571
ADRA2A,150,BRD-K77597856
EGFR,1956,BRD-K77625799
EPHA1,2041,BRD-K77625799
EPHA10,284656,BRD-K77625799
EPHA2,1969,BRD-K77625799
EPHA3,2042,BRD-K77625799
EPHA4,2043,BRD-K77625799
EPHA5,2044,BRD-K77625799
EPHA6,285220,BRD-K77625799
EPHA7,2045,BRD-K77625799
EPHA8,2046,BRD-K77625799
EPHB1,2047,BRD-K77625799
EPHB2,2048,BRD-K77625799
EPHB3,2049,BRD-K77625799
EPHB4,2050,BRD-K77625799
EPHB6,2051,BRD-K77625799
ERBB2,2064,BRD-K77625799
ERBB3,2065,BRD-K77625799
ERBB4,2066,BRD-K77625799
FLT1,2321,BRD-K77625799
FLT4,2324,BRD-K77625799
KDR,3791,BRD-K77625799
PTK6,5753,BRD-K77625799
RET,5979,BRD-K77625799
SRC,6714,BRD-K77625799
TEK,7010,BRD-K77625799
VEGFA,7422,BRD-K77625799
ADRA1A,148,BRD-K77641333
ADRA2A,150,BRD-K77641333
KCNN1,3780,BRD-K77685957
KCNN3,3782,BRD-K77685957
ADRA2A,150,BRD-K77771411
ADRA2B,151,BRD-K77771411
ADRA2C,152,BRD-K77771411
HRH1,3269,BRD-K77821588
CACNG1,786,BRD-K77947974
DRD2,1813,BRD-K77947974
HRH1,3269,BRD-K77947974
HTR1A,3350,BRD-K77947974
HTR1D,3352,BRD-K77947974
HTR1E,3354,BRD-K77947974
HTR2A,3356,BRD-K77947974
TUBA1A,7846,BRD-K77987382
TUBB,203068,BRD-K77987382
TUBB4B,10383,BRD-K77987382
CA2,760,BRD-K78010432
GPR35,2859,BRD-K78010432
SLC12A1,6557,BRD-K78010432
SLC12A2,6558,BRD-K78010432
TOP2A,7153,BRD-K78113049
AOX1,316,BRD-K78126613
BGLAP,632,BRD-K78126613
F10,2159,BRD-K78126613
F2,2147,BRD-K78126613
F7,2155,BRD-K78126613
F9,2158,BRD-K78126613
GGCX,2677,BRD-K78126613
NQO1,1728,BRD-K78126613
NQO2,4835,BRD-K78126613
PROC,5624,BRD-K78126613
PROS1,5627,BRD-K78126613
PROZ,8858,BRD-K78126613
VKORC1,79001,BRD-K78126613
VKORC1L1,154807,BRD-K78126613
ALK,238,BRD-K78431006
MET,4233,BRD-K78431006
AGTR1,185,BRD-K78485176
GCK,2645,BRD-K78513633
DRD2,1813,BRD-K78643075
ADRB2,154,BRD-K78666826
AHR,196,BRD-K78692225
DHODH,1723,BRD-K78692225
PTK2B,2185,BRD-K78692225
DDC,1644,BRD-K78712176
CCKBR,887,BRD-K78789465
TAS1R2,80834,BRD-K78841970
TRPV1,7442,BRD-K78841970
SCN10A,6336,BRD-K79116891
SCN5A,6331,BRD-K79116891
TUBA1A,7846,BRD-K79131256
TUBB,203068,BRD-K79131256
TUBB4B,10383,BRD-K79131256
DNMT1,1786,BRD-K79254416
DNMT3A,1788,BRD-K79254416
BBOX1,8424,BRD-K79392608
DRD2,1813,BRD-K79425933
PPARG,5468,BRD-K79437791
HRH1,3269,BRD-K79501723
SULT1E1,6783,BRD-K79501723
ACACB,32,BRD-K79602928
PRKAB1,5564,BRD-K79602928
PARP1,142,BRD-K79612754
PNP,4860,BRD-K79612754
PDE5A,8654,BRD-K79759585
PDE6G,5148,BRD-K79759585
PDE6H,5149,BRD-K79759585
SLCO1B1,10599,BRD-K79759585
SLCO1B3,28234,BRD-K79759585
DPYD,1806,BRD-K80129304
UCKL1,54963,BRD-K80129304
ALOX5,240,BRD-K80267133
CHUK,1147,BRD-K80267133
PLA2G2E,30814,BRD-K80267133
PTGS1,5742,BRD-K80267133
PTGS2,5743,BRD-K80267133
ALOX5,240,BRD-K80353138
ABCC8,6833,BRD-K80396088
KCNJ10,3766,BRD-K80396088
KCNJ8,3764,BRD-K80396088
SLC6A2,6530,BRD-K80419150
CSNK2A1,1457,BRD-K80738081
NQO2,4835,BRD-K80738081
PTGS1,5742,BRD-K80738081
PTGS2,5743,BRD-K80738081
SLCO1B1,10599,BRD-K80762071
DRD2,1813,BRD-K80859331
DRD3,1814,BRD-K80859331
DRD4,1815,BRD-K80859331
HTR2A,3356,BRD-K80859331
AGTR1,185,BRD-K81074237
AGTR2,186,BRD-K81074237
ACHE,43,BRD-K81128206
BCHE,590,BRD-K81128206
NR3C1,2908,BRD-K81190290
RYR1,6261,BRD-K81272440
RYR3,6263,BRD-K81272440
PTGDR2,11251,BRD-K81326768
HDAC1,3065,BRD-K81418486
HDAC10,83933,BRD-K81418486
HDAC11,79885,BRD-K81418486
HDAC2,3066,BRD-K81418486
HDAC3,8841,BRD-K81418486
HDAC5,10014,BRD-K81418486
HDAC6,10013,BRD-K81418486
HDAC8,55869,BRD-K81418486
HDAC9,9734,BRD-K81418486
ACHE,43,BRD-K81473089
BCHE,590,BRD-K81473089
ABL1,25,BRD-K81528515
KIT,3815,BRD-K81528515
NR3C2,4306,BRD-K81644801
PTGDR,5729,BRD-K81672972
PTGDR2,11251,BRD-K81672972
PTGER1,5731,BRD-K81672972
PTGER2,5732,BRD-K81672972
PTGER3,5733,BRD-K81672972
PTGER4,5734,BRD-K81672972
PTGFR,5737,BRD-K81672972
TBXA2R,6915,BRD-K81672972
NR3C1,2908,BRD-K81709173
ESR1,2099,BRD-K81839095
ESR2,2100,BRD-K81839095
HRH2,3274,BRD-K81855038
DNMT1,1786,BRD-K81916719
SLC6A3,6531,BRD-K82036761
SLC6A4,6532,BRD-K82036761
MPO,4353,BRD-K82103381
PTGS1,5742,BRD-K82122102
PTGS2,5743,BRD-K82122102
DNMT1,1786,BRD-K82143716
HTR1A,3350,BRD-K82147103
SLC6A2,6530,BRD-K82147103
SLC6A4,6532,BRD-K82147103
ESR1,2099,BRD-K82216340
PGR,5241,BRD-K82216340
GUCY1A2,2977,BRD-K82225283
GUCY1A3,2982,BRD-K82225283
GUCY1B2,2974,BRD-K82225283
GUCY1B3,2983,BRD-K82225283
CRYZ,1429,BRD-K82236179
NQO1,1728,BRD-K82236179
VKORC1,79001,BRD-K82236179
CYP1A2,1544,BRD-K82240271
CYP2D6,1565,BRD-K82240271
CYP3A4,1576,BRD-K82240271
CYP3A5,1577,BRD-K82240271
CYP3A7,1551,BRD-K82240271
FAAH,2166,BRD-K82255054
GABRA1,2554,BRD-K82255054
GABRA2,2555,BRD-K82255054
GABRA3,2556,BRD-K82255054
GABRA4,2557,BRD-K82255054
GABRA5,2558,BRD-K82255054
GABRA6,2559,BRD-K82255054
GABRB1,2560,BRD-K82255054
GABRB2,2561,BRD-K82255054
GABRB3,2562,BRD-K82255054
GABRD,2563,BRD-K82255054
GABRE,2564,BRD-K82255054
GABRG1,2565,BRD-K82255054
GABRG2,2566,BRD-K82255054
GABRG3,2567,BRD-K82255054
GABRP,2568,BRD-K82255054
GABRQ,55879,BRD-K82255054
SCN2A,6326,BRD-K82255054
SCN4A,6329,BRD-K82255054
ADRA1A,148,BRD-K82343404
HRH1,3269,BRD-K82357231
ACHE,43,BRD-K82381502
CHRM1,1128,BRD-K82381502
CHRM2,1129,BRD-K82381502
CHRM3,1131,BRD-K82381502
CHRM4,1132,BRD-K82381502
CHRM5,1133,BRD-K82381502
CHRNA2,1135,BRD-K82381502
PTGS1,5742,BRD-K82562631
PTGS2,5743,BRD-K82562631
ATP1A1,476,BRD-K82677201
ADRA2A,150,BRD-K82687598
HRH1,3269,BRD-K82795137
ABCC8,6833,BRD-K82846253
KCNJ11,3767,BRD-K82846253
PPARG,5468,BRD-K82846253
VDR,7421,BRD-K82928892
HMGCR,3156,BRD-K82941592
PDE5A,8654,BRD-K82967685
DPP4,1803,BRD-K83003151
ADORA1,134,BRD-K83064458
AGTR1,185,BRD-K83144676
CASR,846,BRD-K83146339
SCN5A,6331,BRD-K83245588
HRH1,3269,BRD-K83257731
DRD2,1813,BRD-K83405785
HTR2A,3356,BRD-K83405785
HSD11B1,3290,BRD-K83486494
HSD11B2,3291,BRD-K83486494
SLCO1B1,10599,BRD-K83486494
SLCO1B3,28234,BRD-K83486494
ATF3,467,BRD-K83502127
IFNG,3458,BRD-K83502127
IL6,3569,BRD-K83502127
TNF,7124,BRD-K83502127
MAOA,4128,BRD-K83597974
MAOB,4129,BRD-K83597974
COMT,1312,BRD-K83636919
TH,7054,BRD-K83766205
CASR,846,BRD-K83776863
IDO1,3620,BRD-K83776863
SLC36A1,206358,BRD-K83776863
WARS,7453,BRD-K83776863
WARS2,10352,BRD-K83776863
RARG,5916,BRD-K83794243
TOP2A,7153,BRD-K83794624
CTPS1,1503,BRD-K83896451
GLUL,2752,BRD-K83896451
GPRC6A,222545,BRD-K83896451
PPAT,5471,BRD-K83896451
AGTR1,185,BRD-K84091759
PTGS1,5742,BRD-K84173274
PTGS2,5743,BRD-K84173274
FDPS,2224,BRD-K84253429
GGPS1,9453,BRD-K84253429
ACHE,43,BRD-K84281997
BCHE,590,BRD-K84281997
CRAT,1384,BRD-K84366268
POLA1,5422,BRD-K84466663
PROC,5624,BRD-K84544951
ABCC8,6833,BRD-K84658672
KCNJ10,3766,BRD-K84658672
KCNJ11,3767,BRD-K84658672
PPARG,5468,BRD-K84658672
HTR2A,3356,BRD-K84698278
HTR2B,3357,BRD-K84698278
HTR2C,3358,BRD-K84698278
MTNR1A,4543,BRD-K84698278
MTNR1B,4544,BRD-K84698278
GUCY1A2,2977,BRD-K84783599
GUCY1A3,2982,BRD-K84783599
GUCY1B2,2974,BRD-K84783599
GUCY1B3,2983,BRD-K84783599
FKBP1A,2280,BRD-K84937637
MTOR,2475,BRD-K84937637
CYP3A4,1576,BRD-K84986517
HTR3A,3359,BRD-K85046107
CHRM1,1128,BRD-K85090592
CHRM2,1129,BRD-K85090592
CHRM3,1131,BRD-K85090592
CHRM4,1132,BRD-K85090592
CHRM5,1133,BRD-K85090592
ABCC8,6833,BRD-K85119730
KCNJ1,3758,BRD-K85119730
KCNJ11,3767,BRD-K85119730
KCNJ8,3764,BRD-K85119730
CACNA1C,775,BRD-K85337334
DRD2,1813,BRD-K85503079
DRD3,1814,BRD-K85503079
DRD4,1815,BRD-K85503079
DPEP1,1800,BRD-K85518562
CHRNA7,1139,BRD-K85554912
P2RX7,5027,BRD-K85554912
AKR1A1,10327,BRD-K85693895
AKR1B1,231,BRD-K85693895
AKR1B10,57016,BRD-K85693895
ACSL1,2180,BRD-K85767870
ACSS1,84532,BRD-K85767870
ACSS2,55902,BRD-K85767870
ADCY1,107,BRD-K85767870
ADK,132,BRD-K85767870
CREB1,1385,BRD-K85767870
FBP1,2203,BRD-K85767870
HINT1,3094,BRD-K85767870
PDE4B,5142,BRD-K85767870
PDE4D,5144,BRD-K85767870
PIM1,5292,BRD-K85767870
PRKAA1,5562,BRD-K85767870
PRKAB1,5564,BRD-K85767870
PRKAB2,5565,BRD-K85767870
PYGL,5836,BRD-K85767870
TRPM4,54795,BRD-K85767870
HSD11B1,3290,BRD-K85883481
NR3C1,2908,BRD-K85883481
TUBB,203068,BRD-K86003836
NR3C1,2908,BRD-K86161929
ADA,100,BRD-K86301799
PDE10A,10846,BRD-K86301799
PDE1A,5136,BRD-K86301799
PDE1B,5153,BRD-K86301799
PDE1C,5137,BRD-K86301799
PDE2A,5138,BRD-K86301799
PDE3A,5139,BRD-K86301799
PDE3B,5140,BRD-K86301799
PDE4A,5141,BRD-K86301799
PDE4B,5142,BRD-K86301799
PDE4C,5143,BRD-K86301799
PDE4D,5144,BRD-K86301799
PDE5A,8654,BRD-K86301799
PDE6A,5145,BRD-K86301799
PDE6B,5158,BRD-K86301799
PDE6C,5146,BRD-K86301799
PDE6D,5147,BRD-K86301799
PDE6G,5148,BRD-K86301799
PDE6H,5149,BRD-K86301799
PDE7A,5150,BRD-K86301799
PDE7B,27115,BRD-K86301799
PDE8A,5151,BRD-K86301799
PDE8B,8622,BRD-K86301799
PDE9A,5152,BRD-K86301799
SLC29A1,2030,BRD-K86301799
XDH,7498,BRD-K86307448
UGCG,7357,BRD-K86410485
MAOA,4128,BRD-K86434416
MAOB,4129,BRD-K86434416
ADRB1,153,BRD-K86436199
ATP1A1,476,BRD-K86864073
CHRNA10,57053,BRD-K86864073
GRIN3A,116443,BRD-K86864073
HTR3A,3359,BRD-K86864073
SCN10A,6336,BRD-K86864073
SLC6A3,6531,BRD-K86864073
ADRA1A,148,BRD-K86882815
ADRA1B,147,BRD-K86882815
ADRA1D,146,BRD-K86882815
ADRA2A,150,BRD-K86882815
ADRA2B,151,BRD-K86882815
ADRA2C,152,BRD-K86882815
ADRB1,153,BRD-K86882815
ADRB2,154,BRD-K86882815
DRD1,1812,BRD-K86882815
DRD2,1813,BRD-K86882815
DRD3,1814,BRD-K86882815
DRD4,1815,BRD-K86882815
DRD5,1816,BRD-K86882815
HTR1A,3350,BRD-K86882815
HTR1B,3351,BRD-K86882815
HTR1D,3352,BRD-K86882815
HTR2A,3356,BRD-K86882815
HTR2B,3357,BRD-K86882815
HTR2C,3358,BRD-K86882815
HTR7,3363,BRD-K86882815
KCNH1,3756,BRD-K86887724
KCNH2,3757,BRD-K86887724
KCNJ12,3768,BRD-K86887724
KCNK2,3776,BRD-K86887724
ABAT,18,BRD-K87024524
AOC3,8639,BRD-K87024524
GAD2,2572,BRD-K87024524
GPT,2875,BRD-K87024524
GPT2,84706,BRD-K87024524
MAOA,4128,BRD-K87024524
MAOB,4129,BRD-K87024524
SLC6A2,6530,BRD-K87024524
SLC6A3,6531,BRD-K87024524
SLC6A4,6532,BRD-K87024524
TPO,7173,BRD-K87156652
CYP1A2,1544,BRD-K87202646
CYP2C19,1557,BRD-K87202646
CYP2C8,1558,BRD-K87202646
CYP2E1,1571,BRD-K87202646
CYP3A4,1576,BRD-K87202646
GRIN1,2902,BRD-K87226815
GABRA1,2554,BRD-K87349602
GABRG2,2566,BRD-K87349602
ADRA1A,148,BRD-K87349682
ADRA1B,147,BRD-K87349682
ADRA1D,146,BRD-K87349682
ADRA2A,150,BRD-K87349682
ADRA2B,151,BRD-K87349682
ADRA2C,152,BRD-K87349682
ADRB1,153,BRD-K87349682
ADRB2,154,BRD-K87349682
ADRB3,155,BRD-K87349682
PAH,5053,BRD-K87349682
SLC18A1,6570,BRD-K87349682
SLC18A2,6571,BRD-K87349682
DHFR,1719,BRD-K87492696
ADORA1,134,BRD-K87774949
ADORA2A,135,BRD-K87774949
ADORA2B,136,BRD-K87774949
ADORA3,140,BRD-K87774949
SLC12A1,6557,BRD-K87990216
SLC12A2,6558,BRD-K87990216
S1PR1,1901,BRD-K88025533
S1PR5,53637,BRD-K88025533
ARG1,383,BRD-K88052444
CA2,760,BRD-K88052444
CTNNB1,1499,BRD-K88052444
IMPDH1,3614,BRD-K88061624
CHRNA4,1137,BRD-K88143662
CHRNA7,1139,BRD-K88143662
GABRA1,2554,BRD-K88143662
GABRA2,2555,BRD-K88143662
GABRA3,2556,BRD-K88143662
GABRA4,2557,BRD-K88143662
GABRA5,2558,BRD-K88143662
GABRA6,2559,BRD-K88143662
GABRB1,2560,BRD-K88143662
GABRB2,2561,BRD-K88143662
GABRB3,2562,BRD-K88143662
GABRD,2563,BRD-K88143662
GABRE,2564,BRD-K88143662
GABRG1,2565,BRD-K88143662
GABRG2,2566,BRD-K88143662
GABRG3,2567,BRD-K88143662
GABRP,2568,BRD-K88143662
GABRQ,55879,BRD-K88143662
GRIA2,2891,BRD-K88143662
GRIK2,2898,BRD-K88143662
OPRD1,4985,BRD-K88172511
OPRK1,4986,BRD-K88172511
OPRM1,4988,BRD-K88172511
SIGMAR1,10280,BRD-K88172511
ACAA2,10449,BRD-K88366685
DHFR,1719,BRD-K88429204
SLC47A1,55244,BRD-K88429204
PSMA1,5682,BRD-K88510285
PSMA2,5683,BRD-K88510285
PSMA3,5684,BRD-K88510285
PSMA4,5685,BRD-K88510285
PSMA5,5686,BRD-K88510285
PSMA6,5687,BRD-K88510285
PSMA7,5688,BRD-K88510285
PSMA8,143471,BRD-K88510285
PSMB1,5689,BRD-K88510285
PSMB10,5699,BRD-K88510285
PSMB11,122706,BRD-K88510285
PSMB2,5690,BRD-K88510285
PSMB3,5691,BRD-K88510285
PSMB4,5692,BRD-K88510285
PSMB5,5693,BRD-K88510285
PSMB6,5694,BRD-K88510285
PSMB7,5695,BRD-K88510285
PSMB8,5696,BRD-K88510285
PSMB9,5698,BRD-K88510285
PSMD1,5707,BRD-K88510285
PSMD2,5708,BRD-K88510285
RELA,5970,BRD-K88510285
MAOA,4128,BRD-K88568253
MAOB,4129,BRD-K88568253
DRD2,1813,BRD-K88611939
GRIA1,2890,BRD-K88611939
GRIA2,2891,BRD-K88611939
GRIA3,2892,BRD-K88611939
GRIA4,2893,BRD-K88611939
HTR2A,3356,BRD-K88611939
CA1,759,BRD-K88682005
CA2,760,BRD-K88682005
CA4,762,BRD-K88682005
SLC12A3,6559,BRD-K88682005
DNMT1,1786,BRD-K88701661
HTR2A,3356,BRD-K88743730
HTR2B,3357,BRD-K88743730
HTR2C,3358,BRD-K88743730
HTR4,3360,BRD-K88743730
CYP19A1,1588,BRD-K88789588
HTR1A,3350,BRD-K89055274
THRA,7067,BRD-K89152108
THRB,7068,BRD-K89152108
ADRB1,153,BRD-K89208535
ADRB2,154,BRD-K89208535
ACACA,31,BRD-K89210380
ACACB,32,BRD-K89210380
HLCS,3141,BRD-K89210380
MCCC1,56922,BRD-K89210380
MCCC2,64087,BRD-K89210380
PC,5091,BRD-K89210380
PCCA,5095,BRD-K89210380
PCCB,5096,BRD-K89210380
SLC5A6,8884,BRD-K89210380
SIGMAR1,10280,BRD-K89237706
OPRK1,4986,BRD-K89272869
OPRM1,4988,BRD-K89272869
FDPS,2224,BRD-K89337853
GGPS1,9453,BRD-K89337853
ACE,1636,BRD-K89348303
CHRM1,1128,BRD-K89375097
CHRM2,1129,BRD-K89375097
CHRM3,1131,BRD-K89375097
CHRM4,1132,BRD-K89375097
CHRM5,1133,BRD-K89375097
TOP1,7150,BRD-K89561498
CHRM1,1128,BRD-K89704198
CHRM2,1129,BRD-K89704198
CHRM3,1131,BRD-K89704198
CHRM4,1132,BRD-K89704198
ALOX5,240,BRD-K89714990
ADRA1A,148,BRD-K89732114
CALM1,801,BRD-K89732114
CALY,50632,BRD-K89732114
DRD2,1813,BRD-K89732114
DRD4,1815,BRD-K89732114
HRH1,3269,BRD-K89732114
HTR2A,3356,BRD-K89732114
HTR2C,3358,BRD-K89732114
S100A4,6275,BRD-K89732114
TNNC1,7134,BRD-K89732114
CHRM1,1128,BRD-K89923877
CHRM2,1129,BRD-K89923877
CHRM3,1131,BRD-K89923877
CHRM4,1132,BRD-K89923877
CHRM5,1133,BRD-K89923877
SI,6476,BRD-K89923877
ADRA1A,148,BRD-K89997465
ADRA1B,147,BRD-K89997465
ADRA1D,146,BRD-K89997465
ADRA2A,150,BRD-K89997465
ADRA2B,151,BRD-K89997465
ADRA2C,152,BRD-K89997465
CALM1,801,BRD-K89997465
CHRM1,1128,BRD-K89997465
CHRM3,1131,BRD-K89997465
DRD1,1812,BRD-K89997465
DRD2,1813,BRD-K89997465
DRD3,1814,BRD-K89997465
DRD4,1815,BRD-K89997465
DRD5,1816,BRD-K89997465
HRH1,3269,BRD-K89997465
HRH4,59340,BRD-K89997465
HTR1A,3350,BRD-K89997465
HTR2A,3356,BRD-K89997465
HTR2B,3357,BRD-K89997465
HTR2C,3358,BRD-K89997465
HTR6,3362,BRD-K89997465
HTR7,3363,BRD-K89997465
KCNH2,3757,BRD-K89997465
ORM1,5004,BRD-K89997465
ORM2,5005,BRD-K89997465
SMPD1,6609,BRD-K89997465
TRPC5,7224,BRD-K89997465
AR,367,BRD-K90027355
CACNA1A,773,BRD-K90027355
CACNA1B,774,BRD-K90027355
CACNA1C,775,BRD-K90027355
CACNA1D,776,BRD-K90027355
CACNA1F,778,BRD-K90027355
CACNA1G,8913,BRD-K90027355
CACNA1H,8912,BRD-K90027355
CACNA1I,8911,BRD-K90027355
CACNA1S,779,BRD-K90027355
CACNA2D1,781,BRD-K90027355
CACNA2D2,9254,BRD-K90027355
CACNA2D3,55799,BRD-K90027355
CACNB1,782,BRD-K90027355
CACNB2,783,BRD-K90027355
CACNB3,784,BRD-K90027355
CACNB4,785,BRD-K90027355
CACNG1,786,BRD-K90027355
CYP11B2,1585,BRD-K90027355
NR3C1,2908,BRD-K90027355
NR3C2,4306,BRD-K90027355
PGR,5241,BRD-K90027355
SHBG,6462,BRD-K90027355
ESR1,2099,BRD-K90195324
ESR2,2100,BRD-K90195324
ADRA1A,148,BRD-K90333595
ADRA1B,147,BRD-K90333595
ADRA1D,146,BRD-K90333595
ADRA2A,150,BRD-K90333595
ADRA2B,151,BRD-K90333595
ADRA2C,152,BRD-K90333595
SQLE,6713,BRD-K90630139
ADRA1A,148,BRD-K90789829
ADRA1B,147,BRD-K90789829
ADRA2A,150,BRD-K90789829
CYP3A4,1576,BRD-K90789829
HTR1A,3350,BRD-K90789829
HTR2A,3356,BRD-K90789829
HTR2C,3358,BRD-K90789829
SLC6A2,6530,BRD-K90789829
SLC6A3,6531,BRD-K90789829
SLC6A4,6532,BRD-K90789829
SLC5A1,6523,BRD-K90868879
SLC5A2,6524,BRD-K90868879
CHRM1,1128,BRD-K90885812
CHRM2,1129,BRD-K90885812
CHRM3,1131,BRD-K90885812
CHRM4,1132,BRD-K90885812
ADRA2B,151,BRD-K91111634
DRD1,1812,BRD-K91111634
DRD2,1813,BRD-K91111634
DRD3,1814,BRD-K91111634
DRD4,1815,BRD-K91111634
DRD5,1816,BRD-K91111634
HTR1A,3350,BRD-K91111634
CHRM1,1128,BRD-K91244729
ADRA1A,148,BRD-K91263825
ADRA1B,147,BRD-K91263825
ADRA1D,146,BRD-K91263825
ADRA2A,150,BRD-K91263825
ADRA2B,151,BRD-K91263825
ADRA2C,152,BRD-K91263825
ADRB1,153,BRD-K91263825
ADRB2,154,BRD-K91263825
ADRB3,155,BRD-K91263825
CHRM1,1128,BRD-K91263825
CHRM2,1129,BRD-K91263825
CHRM3,1131,BRD-K91263825
CHRM4,1132,BRD-K91263825
CHRM5,1133,BRD-K91263825
DRD2,1813,BRD-K91263825
HRH1,3269,BRD-K91263825
HTR1A,3350,BRD-K91263825
HTR2A,3356,BRD-K91263825
HTR2C,3358,BRD-K91263825
HTR6,3362,BRD-K91263825
KCNJ10,3766,BRD-K91263825
PGRMC1,10857,BRD-K91263825
SIGMAR1,10280,BRD-K91263825
SLC6A2,6530,BRD-K91263825
SLC6A4,6532,BRD-K91263825
HNMT,3176,BRD-K91290917
HRH1,3269,BRD-K91315211
HRH3,11255,BRD-K91315211
MME,4311,BRD-K91456750
ADA,100,BRD-K91543828
HPRT1,3251,BRD-K91601245
IMPDH1,3614,BRD-K91601245
IMPDH2,3615,BRD-K91601245
PPAT,5471,BRD-K91601245
SCN5A,6331,BRD-K91699951
CTSL,1514,BRD-K91740057
SCNN1A,6337,BRD-K92049597
SCNN1B,6338,BRD-K92049597
SCNN1D,6339,BRD-K92049597
SCNN1G,6340,BRD-K92049597
PGR,5241,BRD-K92073408
MAOA,4128,BRD-K92129045
MAOB,4129,BRD-K92129045
MTTP,4547,BRD-K92213669
IMPDH1,3614,BRD-K92428153
IMPDH2,3615,BRD-K92428153
RXRA,6256,BRD-K92441787
RXRB,6257,BRD-K92441787
RXRG,6258,BRD-K92441787
NPY2R,4887,BRD-K92611362
SST,6750,BRD-K92611362
MAOB,4129,BRD-K92613113
ABL1,25,BRD-K92723993
CSF1R,1436,BRD-K92723993
DDR1,780,BRD-K92723993
KIT,3815,BRD-K92723993
NTRK1,4914,BRD-K92723993
PDGFRA,5156,BRD-K92723993
PDGFRB,5159,BRD-K92723993
RET,5979,BRD-K92723993
ACE,1636,BRD-K92731339
BLVRB,645,BRD-K92760278
RFK,55312,BRD-K92760278
KCNQ1,3784,BRD-K92778217
PTGS1,5742,BRD-K92778217
PTGS2,5743,BRD-K92778217
TRPM3,80036,BRD-K92778217
PGR,5241,BRD-K92902018
DRD2,1813,BRD-K92984783
HTR2A,3356,BRD-K92984783
ADA,100,BRD-K93034159
PNP,4860,BRD-K93034159
POLA1,5422,BRD-K93034159
POLE,5426,BRD-K93034159
POLE2,5427,BRD-K93034159
POLE3,54107,BRD-K93034159
POLE4,56655,BRD-K93034159
RRM1,6240,BRD-K93034159
RRM2,6241,BRD-K93034159
RRM2B,50484,BRD-K93034159
PDE4A,5141,BRD-K93208532
PDE4B,5142,BRD-K93208532
PDE4C,5143,BRD-K93208532
PDE4D,5144,BRD-K93208532
AVPR1A,552,BRD-K93331255
AVPR1B,553,BRD-K93331255
AVPR2,554,BRD-K93331255
MAOA,4128,BRD-K93332168
MAOB,4129,BRD-K93332168
CHRM3,1131,BRD-K93441486
F2R,2149,BRD-K93442924
SCN10A,6336,BRD-K93460210
SCN11A,11280,BRD-K93460210
SCN1A,6323,BRD-K93460210
SCN2A,6326,BRD-K93460210
SCN3A,6328,BRD-K93460210
SCN4A,6329,BRD-K93460210
SCN5A,6331,BRD-K93460210
SCN7A,6332,BRD-K93460210
SCN8A,6334,BRD-K93460210
SCN9A,6335,BRD-K93460210
DRD2,1813,BRD-K93461745
HTR1A,3350,BRD-K93461745
ANXA1,301,BRD-K93568044
NOS2,4843,BRD-K93568044
NR3C1,2908,BRD-K93568044
NR3C2,4306,BRD-K93568044
AKR1C1,1645,BRD-K93632104
ASIC3,9311,BRD-K93632104
PTGS1,5742,BRD-K93632104
PTGS2,5743,BRD-K93632104
PDE11A,50940,BRD-K93645900
PDE5A,8654,BRD-K93645900
EBP,10682,BRD-K93754473
ESR1,2099,BRD-K93754473
ESR2,2100,BRD-K93754473
GPER1,2852,BRD-K93754473
PRKCA,5578,BRD-K93754473
PRKCB,5579,BRD-K93754473
PRKCD,5580,BRD-K93754473
PRKCE,5581,BRD-K93754473
PRKCG,5582,BRD-K93754473
PRKCI,5584,BRD-K93754473
PRKCQ,5588,BRD-K93754473
PRKCZ,5590,BRD-K93754473
PRKCA,5578,BRD-K93779381
PRKCB,5579,BRD-K93779381
PRKCD,5580,BRD-K93779381
PRKCE,5581,BRD-K93779381
PRKCG,5582,BRD-K93779381
GABRB1,2560,BRD-K93814253
GLRA1,2741,BRD-K93814253
GLRA2,2742,BRD-K93814253
GLRA3,8001,BRD-K93814253
GLRB,2743,BRD-K93814253
TRHR,7201,BRD-K93869735
CSF1R,1436,BRD-K93918653
FLT3,2322,BRD-K93918653
KIT,3815,BRD-K93918653
PDGFRA,5156,BRD-K93918653
PDGFRB,5159,BRD-K93918653
RET,5979,BRD-K93918653
CNR1,1268,BRD-K94062100
DAGLA,747,BRD-K94062100
DAGLB,221955,BRD-K94062100
FASN,2194,BRD-K94062100
LIPF,8513,BRD-K94062100
PNLIP,5406,BRD-K94062100
RRM1,6240,BRD-K94146583
NR3C1,2908,BRD-K94353609
SERPINA6,866,BRD-K94353609
AHR,196,BRD-K94436377
CYP3A4,1576,BRD-K94830213
DMD,1756,BRD-K94830329
PANX1,24145,BRD-K95237249
SLC22A11,55867,BRD-K95237249
SLC22A6,9356,BRD-K95237249
SLC22A8,9376,BRD-K95237249
SLCO1C1,53919,BRD-K95237249
ESR1,2099,BRD-K95309561
SLC18A1,6570,BRD-K95739795
SLC18A2,6571,BRD-K95739795
PDGFRA,5156,BRD-K95763993
CHRM1,1128,BRD-K95773607
CHRM2,1129,BRD-K95773607
CHRM3,1131,BRD-K95773607
CHRM4,1132,BRD-K95773607
CHRM5,1133,BRD-K95773607
SLC19A2,10560,BRD-K95785345
SLC19A3,80704,BRD-K95785345
TPK1,27010,BRD-K95785345
SLC18A1,6570,BRD-K95921201
SLC18A2,6571,BRD-K95921201
PGR,5241,BRD-K96037667
HSD11B1,3290,BRD-K96137854
ACE,1636,BRD-K96177243
ADRA1A,148,BRD-K96253961
CA2,760,BRD-K96282009
GCK,2645,BRD-K96344439
CACNA1C,775,BRD-K96354014
CACNA1D,776,BRD-K96354014
CACNA1F,778,BRD-K96354014
CACNA1H,8912,BRD-K96354014
CACNA1S,779,BRD-K96354014
CACNA2D1,781,BRD-K96354014
CACNB2,783,BRD-K96354014
CALM1,801,BRD-K96354014
GLRA1,2741,BRD-K96354014
GLRA3,8001,BRD-K96354014
GLRB,2743,BRD-K96354014
KCNA1,3736,BRD-K96354014
KCNA5,3741,BRD-K96354014
NR1I2,8856,BRD-K96354014
TRPM3,80036,BRD-K96354014
DPP4,1803,BRD-K96550715
CHRM3,1131,BRD-K96740444
DRD2,1813,BRD-K96740444
FURIN,5045,BRD-K96862998
TNF,7124,BRD-K96862998
GNRHR,2798,BRD-K96874295
CYP3A4,1576,BRD-K97010173
CYSLTR1,10800,BRD-K97045029
CYSLTR2,57105,BRD-K97045029
IL5,3567,BRD-K97045029
MUC2,4583,BRD-K97045029
NFKB1,4790,BRD-K97045029
RNASE3,6037,BRD-K97045029
TNF,7124,BRD-K97045029
F10,2159,BRD-K97058489
ADRA1A,148,BRD-K97158071
DRD2,1813,BRD-K97158071
DRD3,1814,BRD-K97158071
DRD4,1815,BRD-K97158071
HTR2A,3356,BRD-K97158071
ACY1,95,BRD-K97163964
ACY3,91703,BRD-K97163964
ADSS,159,BRD-K97163964
ADSSL1,122622,BRD-K97163964
ASNS,440,BRD-K97163964
ASPA,443,BRD-K97163964
ASPH,444,BRD-K97163964
ASRGL1,80150,BRD-K97163964
ASS1,445,BRD-K97163964
CAD,790,BRD-K97163964
DARS,1615,BRD-K97163964
DARS2,55157,BRD-K97163964
GOT1,2805,BRD-K97163964
GOT2,2806,BRD-K97163964
GRIN1,2902,BRD-K97163964
GRIN2A,2903,BRD-K97163964
GRIN2B,2904,BRD-K97163964
GRIN2C,2905,BRD-K97163964
GRIN2D,2906,BRD-K97163964
LYZ,4069,BRD-K97163964
PAICS,10606,BRD-K97163964
RNASE1,6035,BRD-K97163964
SLC1A1,6505,BRD-K97163964
SLC25A12,8604,BRD-K97163964
SLC25A13,10165,BRD-K97163964
AOC1,26,BRD-K97181089
ASIC1,41,BRD-K97181089
ASIC2,40,BRD-K97181089
ASIC3,9311,BRD-K97181089
PKD2,5311,BRD-K97181089
PKD2L1,9033,BRD-K97181089
PLAU,5328,BRD-K97181089
SCNN1A,6337,BRD-K97181089
SCNN1B,6338,BRD-K97181089
SCNN1D,6339,BRD-K97181089
SCNN1G,6340,BRD-K97181089
SLC9A1,6548,BRD-K97181089
TRPC7,57113,BRD-K97181089
TRPV2,51393,BRD-K97181089
CACNA1C,775,BRD-K97181463
CACNA1G,8913,BRD-K97181463
DRD1,1812,BRD-K97309399
DRD2,1813,BRD-K97309399
HRH1,3269,BRD-K97309399
HTR2A,3356,BRD-K97309399
ATP5A1,498,BRD-K97399794
ATP5B,506,BRD-K97399794
ATP5C1,509,BRD-K97399794
HCK,3055,BRD-K97399794
HIBCH,26275,BRD-K97399794
PIK3CG,5294,BRD-K97399794
PIM1,5292,BRD-K97399794
STK17B,9262,BRD-K97399794
UGT3A1,133688,BRD-K97399794
TACR1,6869,BRD-K97428065
ADRA1A,148,BRD-K97440753
ADRB1,153,BRD-K97440753
DRD1,1812,BRD-K97440753
DRD2,1813,BRD-K97440753
DRD3,1814,BRD-K97440753
DRD4,1815,BRD-K97440753
DRD5,1816,BRD-K97440753
HTR1A,3350,BRD-K97440753
HTR2A,3356,BRD-K97440753
HTR3A,3359,BRD-K97440753
HTR4,3360,BRD-K97440753
HTR5A,3361,BRD-K97440753
HTR6,3362,BRD-K97440753
HTR7,3363,BRD-K97440753
AR,367,BRD-K97472745
ESR1,2099,BRD-K97472745
PGR,5241,BRD-K97472745
ASMT,438,BRD-K97530723
CALM1,801,BRD-K97530723
CALR,811,BRD-K97530723
EPX,8288,BRD-K97530723
ESR1,2099,BRD-K97530723
HTR2B,3357,BRD-K97530723
MPO,4353,BRD-K97530723
MTNR1A,4543,BRD-K97530723
MTNR1B,4544,BRD-K97530723
NQO2,4835,BRD-K97530723
RORB,6096,BRD-K97530723
METAP2,10988,BRD-K97534525
HRH1,3269,BRD-K97564742
ABCC8,6833,BRD-K97746869
KCNJ10,3766,BRD-K97746869
KCNJ11,3767,BRD-K97752965
ADORA1,134,BRD-K97799481
ADORA2A,135,BRD-K97799481
ADORA2B,136,BRD-K97799481
ADORA3,140,BRD-K97799481
HDAC2,3066,BRD-K97799481
PDE3A,5139,BRD-K97799481
PDE3B,5140,BRD-K97799481
PDE4A,5141,BRD-K97799481
PDE4B,5142,BRD-K97799481
PDE4C,5143,BRD-K97799481
PDE4D,5144,BRD-K97799481
PDE5A,8654,BRD-K97799481
GPR97,222487,BRD-K97810537
NR3C1,2908,BRD-K97810537
HIF1A,3091,BRD-K97874492
HSPA8,3312,BRD-K97891829
PGR,5241,BRD-K97939847
HRH1,3269,BRD-K98004573
PTAFR,5724,BRD-K98004573
AKR1B1,231,BRD-K98054437
KCNMA1,3778,BRD-K98174813
KCNN4,3783,BRD-K98174813
ADRA1A,148,BRD-K98530306
ADRA1B,147,BRD-K98530306
ADRA1D,146,BRD-K98530306
ADRA2A,150,BRD-K98530306
ADRA2B,151,BRD-K98530306
ADRA2C,152,BRD-K98530306
HRH1,3269,BRD-K98624455
ANO1,55107,BRD-K98763141
CLCN1,1180,BRD-K98763141
CLCNKA,1187,BRD-K98763141
CLCNKB,1188,BRD-K98763141
KCNQ1,3784,BRD-K98763141
PLA2G1B,5319,BRD-K98763141
PLA2G4A,5321,BRD-K98763141
PTGS1,5742,BRD-K98763141
PTGS2,5743,BRD-K98763141
UGT1A9,54600,BRD-K98763141
GABRA1,2554,BRD-K98769987
GABRA2,2555,BRD-K98769987
GABRA3,2556,BRD-K98769987
GABRA4,2557,BRD-K98769987
GABRA5,2558,BRD-K98769987
GABRA6,2559,BRD-K98769987
GABRB1,2560,BRD-K98769987
GABRB2,2561,BRD-K98769987
GABRB3,2562,BRD-K98769987
GABRD,2563,BRD-K98769987
GABRE,2564,BRD-K98769987
GABRG1,2565,BRD-K98769987
GABRG2,2566,BRD-K98769987
GABRG3,2567,BRD-K98769987
GABRP,2568,BRD-K98769987
GABRQ,55879,BRD-K98769987
PNP,4860,BRD-K99063460
GRIN1,2902,BRD-K99107520
GRIN2A,2903,BRD-K99107520
GRIN2B,2904,BRD-K99107520
GRIN2C,2905,BRD-K99107520
GRIN2D,2906,BRD-K99107520
GRIN3A,116443,BRD-K99107520
GRIN3B,116444,BRD-K99107520
CALM1,801,BRD-K99121711
SCN10A,6336,BRD-K99121711
SCN5A,6331,BRD-K99121711
NR3C1,2908,BRD-K99199077
HRH1,3269,BRD-K99300445
PYGM,5837,BRD-K99308954
TYMS,7298,BRD-K99383816
ACE,1636,BRD-K99447003
GNRHR,2798,BRD-K99504665
LHCGR,3973,BRD-K99504665
PGR,5241,BRD-K99615199
ACHE,43,BRD-K99621550
CHRNA2,1135,BRD-K99621550
HTR3A,3359,BRD-K99621550
HTR3B,9177,BRD-K99621550
KCNN1,3780,BRD-K99621550
KCNN2,3781,BRD-K99621550
KCNN3,3782,BRD-K99621550
ZACN,353174,BRD-K99621550
CTNS,1497,BRD-K99679910
SLC3A1,6519,BRD-K99679910
SLC7A11,23657,BRD-K99679910
SLC7A9,11136,BRD-K99679910
PON1,5444,BRD-K99750640
GLUD1,2746,BRD-K99792991
SDHD,6392,BRD-K99792991
ATP1A1,476,BRD-K99919177
ATP1A2,477,BRD-K99919177
ATP1A3,478,BRD-K99919177
ATP1A4,480,BRD-K99919177
ATP1B1,481,BRD-K99919177
ATP1B2,482,BRD-K99919177
ATP1B3,483,BRD-K99919177
FXYD2,486,BRD-K99919177
TYR,7299,BRD-K99946902
ABL1,25,BRD-K99964838
BCR,613,BRD-K99964838
CAMK1D,57118,BRD-K99964838
CAMK2G,818,BRD-K99964838
CDK2,1017,BRD-K99964838
FRK,2444,BRD-K99964838
FYN,2534,BRD-K99964838
HCK,3055,BRD-K99964838
LYN,4067,BRD-K99964838
MAP2K1,5604,BRD-K99964838
MAP2K2,5605,BRD-K99964838
MAP3K2,10746,BRD-K99964838
MAP4K5,11183,BRD-K99964838
SRC,6714,BRD-K99964838
STK10,6793,BRD-K99964838
STK24,8428,BRD-K99964838
STK4,6789,BRD-K99964838
TNK2,10188,BRD-K99964838
TXK,7294,BRD-K99964838
ADRB2,154,BRD-M00027710
AGTR1,185,BRD-M00027711
MME,4311,BRD-M00027711
HRH1,3269,BRD-M00027712
HCAR1,27198,BRD-M29182745
HMOX1,3162,BRD-M42056162
HMOX2,3163,BRD-M42056162
F12,2161,BRD-M75061779
FABP4,2167,BRD-M75061779
FFAR1,2864,BRD-M75061779
FFAR4,338557,BRD-M75061779
PLD2,5338,BRD-M75061779
DRD2,1813,BRD-M80207679
DRD3,1814,BRD-M80207679
DRD4,1815,BRD-M80207679
HIF1A,3091,BRD-M87138257
ESR1,2099,BRD-M93148412
ESR2,2100,BRD-M93148412
